Question_ID,Domain,N_Pages,Question,A,B,C,D,E,F,Correct_Answer,Doc_ID,Page_Num
1,domain_1,89,Які типи змагань проводяться з боротьби самбо?,тільки індивідуальні ,"особисті, командні, особисто-командні",тільки особисті,змагання не проводяться,тільки командні,тільки командні та індивідуальні,B,72e790ea927cb79b08838bcd0e290c83fd4f6e06.pdf,3
6,domain_2,17,Чи існують протипоказання до застосування Сандімуну Неоралу?,"так, підвищена чутливість до циклоспорину","так, згода пацієнта на лікування","так, вік пацієнта до 18 років","так, трансплантація солідних органів","так, нефротичний синдром","ні, немає протипоказань",A,f548cde5ba56c4e1d8aeca95c3e190f2711d6fa1.pdf,2
7,domain_2,5,Яким чином Вінпоцетин впливає на мозковий кровообіг?,призводить до тромбоутворення,покращує мікроциркуляцію у тканинах мозку,підвищує артеріальний тиск,погіршує обмін речовин,зменшує кровоток,збільшує в'язкість крові,B,f8e8ea2b7e82798862bc3d7b2753f2262642d889.pdf,4
9,domain_2,9,Яка максимальна добова доза препарату діаремікс при гострій діареї?,12 капсул,6 капсул,4 капсули,8 капсул,10 капсул,2 капсули,B,114aa3c7890f255d1134a31a22a29caae427a6f1.pdf,6
10,domain_1,76,Які офіційні особи мають право стежити за дотриманням Правил під час змагань з автомобільного спорту?,секретаріат ФАУ,персонал суддів,спортивні комісари,медичний персонал,фінансові організації,представники команд,C,41b8a1637eea9e8acb06eef16b1c2479e37e759c.pdf,41
11,domain_1,89,Хто затверджує регламент проведення змагань з боротьби самбо?,Міністерство молоді та спорту України,Обласні федерації спорту,Національна федерація самбо України та організатор змагань,"Спортсмени, які беруть участь",Суддівська колегія,Головний суддя змагань,C,72e790ea927cb79b08838bcd0e290c83fd4f6e06.pdf,2
12,domain_2,13,"Які з цих лікарських засобів можуть знижувати абсорбцію зидовудину, що у складі ретровіру?",фенітоїн,ставудин,атоварон,рибавірин,кларитроміцин,метадон,E,20e086e7585d5e496d67ed2313ceb5aa53b409b5.pdf,11
14,domain_2,7,Скільки часу необхідно продовжувати лікування амоксициліном після зникнення симптомів?,один день,5 днів,від 2 до 3 днів,два тижні або більше,7 днів,два тижні,C,2827fbd42bc74ef48ac74ef40b90868b94b1da79.pdf,3
15,domain_2,11,Яка діюча речовина міститься в ланзоптолі?,лансопразол,дигоксин,титану діоксид,желатин,атазанавір та нелфінавір,гіпромелоза,A,780fd55597cd81f1cf0d1492926ab69cfb115d89.pdf,1
17,domain_2,11,Які побічні реакції з боку психіки трапляються при застосуванні ланзоптолу?,Гіпомагніємія,"Сонливість, галюцинації",Порушення зору,Анемія,Алергічні реакції на пеніциліни,"Депресія, галюцинації,
сплутаність свідомості",F,780fd55597cd81f1cf0d1492926ab69cfb115d89.pdf,10
18,domain_1,59,Яка максимальна довжина човнів класу К2 (байдарка-двійка) в сантиметрах?,600,700,750,520,800,650,F,cadef3fc7594662353b7c94387b63a926b5d92d3.pdf,5
19,domain_1,173,Після якої команди рефері починається поєдинок за III системою змагань з джиу-джитсу?,файт,руки вздовж корпуса,хадзіме,мате,готові?,команда жестом,A,54a634188fe502d79e2653231c8ea286636142a0.pdf,104
21,domain_2,13,Яку дію має Ретровір у комбінації з іншими антиретровірусними препаратами?,покращення шлунково-кишкового тракту,лікування астми,зменшення алергічних реакцій,профілактика грипу,лікування онкологічних захворювань,лікування ВІЛ-інфекції у дітей та дорослих,F,20e086e7585d5e496d67ed2313ceb5aa53b409b5.pdf,1
22,domain_2,3,Скільки крапель циклодинону рекомендується приймати на день?,30 крапель 4 рази на день,10 крапель щодня,20 крапель 2 рази на день,50 крапель 3 рази на день,40 крапель 1 раз на день,15 крапель щоденно,E,7db5015ac19c3cd7bb04118b38a228b3572a358c.pdf,2
27,domain_2,3,Яка максимальна добова доза гастро-грану для дорослих і дітей старше 7 років?,5 разів на добу,7 років,1 раз на добу,3 рази на день,2 рази на добу,7 разів на рік,A,fb285f08989b559f0080c9dd096d3557860f919d.pdf,2
28,domain_2,3,Що викликає помутніння препарату Бронхіал Плюс?,погане зберігання,вода очищена,рослинні екстракти,реакція з повітрям,додавання консервантів,низька температура зберігання,C,5c75a2eb4814242f35871112bc657e36f813674b.pdf,1
29,domain_1,25,Яка мета гри го?,набрати більше очок ніж партнер,"поставити камінь на дошку і відпустити
руку",набрати менше очок ніж партнер,порахувати очки,закинути м’яч у кошик суперників,перегнати інших гравців на трасі,A,ac85a12a4483579ba8f51197b5c8ace05f5397e0.pdf,12
30,domain_2,13,Яка доза ретровіру рекомендована для жінок у період вагітності понад 14 тижнів?,250 мг на добу,100 мг на добу,200 мг на добу,300 мг на добу,500 мг на добу,400 мг на добу,E,20e086e7585d5e496d67ed2313ceb5aa53b409b5.pdf,2
31,domain_2,3,Яка міжнародна назва препарату Елоком?,флуоцинолон,psoracole,дексаметазон,betamethasone,hydrocortisone,mometasone,F,556be4e553eab6942598e58cfa02b6aaa553a0e5.pdf,1
32,domain_1,59,Якою розраховується ширина доріжки для одного човна у змаганнях з веслування?,6-9 м,5-8 м,8-10 м,5-7 м,4-6 м,7-9 м,A,cadef3fc7594662353b7c94387b63a926b5d92d3.pdf,5
33,domain_2,5,Для якого отологічного стану рекомендується застосовувати вінпоцетин?,покращення слуху,діарея,підвищений артеріальний тиск,хвороба Меньєра,атеросклероз судин головного мозку,різні форми порушення мозкового кровообігу,D,f8e8ea2b7e82798862bc3d7b2753f2262642d889.pdf,1
35,domain_1,59,Яка вимога ставиться до учасників змагань у разі сходу з дистанції у змаганнях з веслування?,Повідомити суддівську колегію про зупинку змагань,Зупинити інші човни на воді,Залишити човен у воді,Звернутися до лікарів,Продовжити веслування,Залишити місце проведення змагань,A,cadef3fc7594662353b7c94387b63a926b5d92d3.pdf,7
36,domain_2,5,Яка доза для дорослих рекомендується при прийомі Вінпоцетину?,5-10 мг 1 раз на добу,15-20 мг 1 раз на день,5-10 мг 3 рази на добу,5 мг 1 раз на добу,10 мг 1 раз на тиждень,10-15 мг 2 рази на добу,C,f8e8ea2b7e82798862bc3d7b2753f2262642d889.pdf,2
37,domain_2,5,Який термін придатності гелю Дерива С?,3 роки,6 місяців,2 роки,Необмежений,5 років,1 рік,C,9d2df2f02cd5d57fe401497c3e64e47a3994112d.pdf,4
38,domain_2,4,Які побічні реакції можуть виникнути після застосування Інфаколу?,сухість у роті,слабкість,підвищення артеріального тиску,"нудота, блювання","шкірний висип, свербіж",головний біль,E,67bfbcbe3cfd8f845785a8664b9b73b6b4751d72.pdf,3
41,domain_1,89,Які вимоги до спортивної форми учасників змагань з боротьби самбо?,кожен учасник самостійно визначає форму,костюми для змагань з легкої атлетики,будь-яка спортивна форма,спеціалізована форма для танців,стандартна форма для футболістів,сертифікована форма самбо зі знаком відповідності НФСУ,F,72e790ea927cb79b08838bcd0e290c83fd4f6e06.pdf,13
43,domain_2,9,Які діючі речовини містить препарат Діаремікс?,"Фенітоїн, сальбутамол, дексаметазон","Ацетилсаліцилова кислота, ксамфін, жирні кислоти","Метамізол, німесулід, ампіцилін","Lactic Acid Bacillus (Bacillus coagulans/Lb.sporogenеs), лопераміду
гідрохлорид, дицикловерину гідрохлорид","Ібупрофен, допоміжні речовини","Кодеїн, парацетамол, поташ",D,114aa3c7890f255d1134a31a22a29caae427a6f1.pdf,1
45,domain_2,9,Яке основне показання до застосування Діаремікса?,Бронхіт,Грип,Висока температура,Зневоднення,Ангіна,Діарея різної етіології,F,114aa3c7890f255d1134a31a22a29caae427a6f1.pdf,2
47,domain_1,173,Які способи змагань використовуються в системах джиу-джитсу?,Змішаний,Тільки фінальний,Коловий та з вибуванням,Заборонений,Тільки коловий,Тільки з вибуванням,C,54a634188fe502d79e2653231c8ea286636142a0.pdf,87
48,domain_2,4,При яких станах не слід застосовувати Інфакол?,анемія,непрохідність кишечнику,гіпотонія,гіпертонія,бронхіальна астма,запалення легень,B,67bfbcbe3cfd8f845785a8664b9b73b6b4751d72.pdf,2
49,domain_2,17,Який ефект має вживання сандімуну неоралу разом із вориконазолом?,втричі підвищує AUC лерканідипіну,підвищує концентрацію циклоспорину в плазмі або крові,запобігає відторгненню трансплантатів,затримує калій в організмі,знижує концентрацію циклоспорину в плазмі або крові,призводить до гіперплазії ясен,B,f548cde5ba56c4e1d8aeca95c3e190f2711d6fa1.pdf,14
51,domain_2,16,Чи дозволено застосування препарату Периндоприл-Тева під час вагітності?,дозволено в будь-якому триместрі,можливо при плануванні вагітності,можливо лише в I триместрі,протипоказано,дозволено за призначенням лікаря,"можливо, якщо доза невелика",D,5ae9814fac3ba1f5048ce716f15304d3ead03823.pdf,11
54,domain_2,5,Як слід застосовувати Дерива С?,Вжити внутрішньо 3 рази на день з їжею,Наносити на вологу шкіру 2 рази на день,Наносити товстим шаром 2 рази на день,"Наносити тонким шаром на чисту суху шкіру у місцях висипів 1 раз на добу, на ніч",Вжити перед сном по 2 таблетки,Змішати з водою перед нанесенням,D,9d2df2f02cd5d57fe401497c3e64e47a3994112d.pdf,4
56,domain_1,79,"Якщо на матчі з регбі м'яч виходить в аут, яка процедура?","М'яч вводиться руками з точки, де він залишив межі поля",Призначається сутичка,Гра продовжується з удару,М'яч вкидається безпосередньо з залікової зони,М'яч залишається у ауті,М'яч вкидається з будь-якої точки поля,A,759dfc8486c0f02391d7cfc1fed753b0608fc601.pdf,35
57,domain_2,4,Яке основне призначення препарату Інфакол?,лікування кашлю,лікування алергії,лікування застуди,лікування головного болю,симптоматичне лікування при газоутворенні,лікування шкірних захворювань,E,67bfbcbe3cfd8f845785a8664b9b73b6b4751d72.pdf,2
59,domain_1,89,Скільки разів учасник змагань з боротьби самбо може вставати на ваги під час офіційного зважування?,два рази,"відсутність кроків, переносу ваги, повороту довше, ніж на 2 удари музики",зважування проводить бригада суддів,один раз,п'ять разів,двічі,D,72e790ea927cb79b08838bcd0e290c83fd4f6e06.pdf,6
62,domain_2,5,Яку з цих побічних реакцій не може викликати дериваС гель?,діарею,акне,кропив’янку,набряк Квінке,реакції фоточутливості,грамнегативний фолікуліт,D,9d2df2f02cd5d57fe401497c3e64e47a3994112d.pdf,4
64,domain_1,89,Який документ регламентує умови допуску учасників до змагань з боротьби самбо?,Закон України,Правила змагань з боксу,Наказ Міністерства молоді,Регламент,Статут НФСУ,Протокол суддів,D,72e790ea927cb79b08838bcd0e290c83fd4f6e06.pdf,4
66,domain_1,89,Скільки учасників має бути у демокоманді з пляжного самбо?,п'ять,три,не менше двох,шість,один,чотири,C,72e790ea927cb79b08838bcd0e290c83fd4f6e06.pdf,46
67,domain_1,89,Хто може проводити контроль зважування спортсменів на змаганнях з боротьби самбо?,кожен учасник,провідник,тренер спортсмена,"бригада суддів, призначена головним суддею",представник команди,лікар змагань,D,72e790ea927cb79b08838bcd0e290c83fd4f6e06.pdf,6
68,domain_2,3,Які рослинні екстракти містяться у складі БРОНХІАЛ ПЛЮС?,екстракт ромашки та екстракт шипшини,екстракт ехінацеї та екстракт звіробою,"екстракт алтея, екстракт тим'яну та вітамін C",екстракт алтея та екстракт тим'яну,"мед, сахароза",екстракт алтея та вітамін С,D,5c75a2eb4814242f35871112bc657e36f813674b.pdf,1
69,domain_2,2,Які допоміжні речовини містять супозиторії метилурацилу?,ПЕО-400 і ПЕО-1500,"сахароза, крохмаль",метилурацил,тетрагідропіримідин,олія рицинова,"гліцерин, вода",A,986dbec74e7ac870dfcf8b14337b301227c61238.pdf,1
70,domain_1,89,Яке мінімальне обмеження по віку для участі у змаганнях з пляжного самбо?,18 років,10 років,16 років,12 років,14 років,20 років,D,72e790ea927cb79b08838bcd0e290c83fd4f6e06.pdf,40
71,domain_1,25,Яке обладнання використовується для обслуговування спортивних змагань з го?,монітори,шахові годинники,додаткові столи,електронні табло,вимірювачі температури,механічні наручні годинники,B,ac85a12a4483579ba8f51197b5c8ace05f5397e0.pdf,12
72,domain_1,76,"Який вік відповідає віковій категорії ""старші юнаки"" на змаганнях з картингу?",30 листопада поточного року,з 18 і старше,старше 45 років,з 10 до 14 років,з 6 до 10 років,з 10 до 13 років,F,41b8a1637eea9e8acb06eef16b1c2479e37e759c.pdf,12
74,domain_1,79,Які види регбі зазначені в Правилах?,Лише регбі-7 та регбі-15,"Регбі-10, регбі-20","Регбі-15, регбі-7, пляжне регбі, регбі-5","Регбі-8, регбі-6, пляжне регбі","Регбі-12, регбі-6, регбі-5","Регбі-15, регбі-9, регбі-7",C,759dfc8486c0f02391d7cfc1fed753b0608fc601.pdf,3
77,domain_2,26,"Яка побічна реакція часто спостерігається при застосуванні периндоприлу, що у складі трипліксаму?",гіпонатріємія,сонливість,нудота,кашель,аритмія,риніт,D,d80178b24cc3a40d841ec790e575767afd0a3fd9.pdf,23
78,domain_2,4,Яка тривалість застосування Інфаколу зазначена в інструкції?,не більше 2 тижнів,залежить від наявності скарг,не більше 5 днів,не більше 3 днів,не більше 1 тижня,не обмежена,B,67bfbcbe3cfd8f845785a8664b9b73b6b4751d72.pdf,3
79,domain_1,79,Яка максимальна тривалість матчу для регбі-5 у звичайних матчах?,30 хвилин,25 хвилин,15 хвилин,20 хвилин,10 хвилин,5 хвилин,C,759dfc8486c0f02391d7cfc1fed753b0608fc601.pdf,66
80,domain_2,7,При якому стані хворим не слід призначати амоксицилін у капсулах?,при важких шлунково-кишкових розладах з діареєю та блюванням,при болях у спині,при підвищеній температурі,при загальному нездужанні,при кашлі,при болях у горлі,A,2827fbd42bc74ef48ac74ef40b90868b94b1da79.pdf,4
81,domain_2,3,При якій температурі рекомендовано зберігати бронхіал плюс?,325мг,не вище 15°С,рівно 25°С,не вище 20°С,не вище 25°С,вище 25°С,E,5c75a2eb4814242f35871112bc657e36f813674b.pdf,3
82,domain_1,89,Який мінімальний склад команди в командних змаганнях з самбо?,два учасника,більше половини складу команди,"всі учасники, які підходять за віком",один учасник,вся команда,чотири учасника,B,72e790ea927cb79b08838bcd0e290c83fd4f6e06.pdf,26
83,domain_2,3,Якій групі пацієнтів дозволено призначати циклоденон?,"жінкам, які годують грудьми",вагітним жінкам,"особам, які страждають на алкоголізм",прутняку звичайному,дітям від 12 років,дітям до 5 років,E,7db5015ac19c3cd7bb04118b38a228b3572a358c.pdf,2
85,domain_2,11,Яким чином ланзоптол впливає на активність H+/K+-АТФ-ази?,Пригнічує активність H+/K+-АТФ-ази,Інгібує дію інших ферментів,Збільшує вироблення шлункової кислоти,Не має ніякого впливу на H+/K+-АТФ-азу,Покращує активність H+/K+-АТФ-ази,Посилює секрецію шлункового соку,A,780fd55597cd81f1cf0d1492926ab69cfb115d89.pdf,1
86,domain_1,79,Яку форму має м'яч для регбі?,Прямокутну,Квадратну,Овальну,Круглу,Циліндричну,Форму куба,C,759dfc8486c0f02391d7cfc1fed753b0608fc601.pdf,3
87,domain_1,25,"Яка система використовується для організації змагань з го, коли беруть участь гравці з великою різницею рівня гри?",Система Макмагон,Колова система,Матч-турніри,Швейцарська система,Олімпійська система,Схевенінгенська система,A,ac85a12a4483579ba8f51197b5c8ace05f5397e0.pdf,5
89,domain_1,173,"Не пізніше якого терміну подається заявка, що підтверджує участь команди у всеукраїнських змаганнях з джиу-джитсу?",2 тижні до початку змагань,15 днів до початку змагань,3 тижні до початку змагань,1 календарний рік до початку змагань,1 місяць до початку змагань,1 тиждень до початку змагань,A,54a634188fe502d79e2653231c8ea286636142a0.pdf,76
91,domain_1,79,Яка мета гри в регбі?,Забити гол,Перемогти в один тайм,Виграти всі сутички,Набрати якнайбільше очок,Захопити м'яч,Зробити більше передач,D,759dfc8486c0f02391d7cfc1fed753b0608fc601.pdf,3
92,domain_1,76,Яка організація може організовувати змагання з автомобільного спорту?,ФАУ,Служба безпеки,Асоціація картингів,Міністерство спорту,Клуб автомобілістів,Туристична фундація,A,41b8a1637eea9e8acb06eef16b1c2479e37e759c.pdf,13
93,domain_1,122,Які шкарпетки не дозволено одягати учасникові на змаганнях зі стронгмену?,короткі шкарпетки,шкартпетки із захисним покриттям усередині,шкарпетки червоного кольору,шкарпетки з фабричним логотипом,"шкарпетки, які торкаються намотаних на колінах
бинтів або наколінників",власні шкарпетки,E,0ec2a844ab5e5f66bfff7d66dbd5b33bca34cc94.pdf,23
94,domain_1,173,Яка максимальна вага для учасників категорії жінки дорослі в змаганнях з джиу-джитсу?,Понад 70 кг,До 45 кг,До 77 кг,До 60 кг,До 85 кг,До 94 кг,A,54a634188fe502d79e2653231c8ea286636142a0.pdf,18
96,domain_2,7,Яка частина амоксициліну виводиться із сечею у незміненому вигляді?,60-80%,10-20%,80-90%,30-50%,25-35%,50-70%,A,2827fbd42bc74ef48ac74ef40b90868b94b1da79.pdf,5
99,domain_2,3,Чутливість до якого компонента є протипоказанням до прийому циклодинону?,вітамін С,плоди прутняку звичайного,мелісса,листя кропиви,стигми кукурудзи,квіти ромашки,B,7db5015ac19c3cd7bb04118b38a228b3572a358c.pdf,2
100,domain_2,13,Яка доза Ретровіру призначається новонародженим?,1 мг/кг маси тіла 3 рази на добу,4 мг/кг маси тіла 4 рази на добу,"1,5 мг/кг маси тіла щодня",5 мг/кг маси тіла 1 раз на добу,2 мг/кг маси тіла кожні 6 годин,3 мг/кг маси тіла 2 рази на добу,E,20e086e7585d5e496d67ed2313ceb5aa53b409b5.pdf,2
101,domain_2,6,Що слід робити у випадку передозування препаратом Солпадеїн?,очистити організм за допомогою народних засобів,застосувати антисептик,зробити зарядку,прийняти вітамін C,пити багато води,негайно звернутися до лікаря,F,2ee44110e9b8b4b6f0e41ef9c8cc553be744551b.pdf,5
102,domain_1,25,Які вимоги до місця проведення спортивних змагань з го?,Тільки наявність дошок,Поруч із громадським транспортом,Відповідність санітарним нормам гігієни інтелектуальної праці,Освітлення в приміщенні,Чай для гравців,Плюшеві меблі,C,ac85a12a4483579ba8f51197b5c8ace05f5397e0.pdf,16
103,domain_2,13,"Коли пацієнти, що застосовують ретровір, повинні отримувати перевірки крові при розвинутій стадії ВІЛ-хвороби?",раз на півроку,кожен день,раз в місяць,кожні три місяці,не менше 1 разу на 2 тижні протягом перших 3 місяців лікування,раз на рік,E,20e086e7585d5e496d67ed2313ceb5aa53b409b5.pdf,8
106,domain_1,122,Яка основна мета спортивних змагань зі стронгмену?,Залучення нових тренерів,Визначення найсильніших гравців у футболі,Проведення благодійних заходів,Розвиток виду спорту стронгмен на всіх рівнях,Популяризація тенісу,Підготовка до олімпійських ігор,D,0ec2a844ab5e5f66bfff7d66dbd5b33bca34cc94.pdf,2
108,domain_1,76,Яка відповідальність настає за недотримання Правил змагань з автомобільного спорту?,заборона проведення змагань,можливість подачі апеляції,відсторонення від усіх видів спорту,зменшення очок у змаганнях,учасники можуть бути позбавлені виданої їм ліцензії,виключення з програми змагань,E,41b8a1637eea9e8acb06eef16b1c2479e37e759c.pdf,15
109,domain_2,26,Які діючі речовини входять до складу трипліксаму?,"доксазозин, флувастатин, метопролол","Манілендз, Горей Роуд, Арклоу","периндоприл, атенолол, амлодипін","периндоприл, індапамід, амлодипін",суміш кальцію карбонату та крохмалю,"гліцерин, гіпромелоза,
макрогол",D,d80178b24cc3a40d841ec790e575767afd0a3fd9.pdf,1
110,domain_2,6,Якого кольору таблетки баклофену?,синього,кукурудзяного,масляного,круглого,білого,жовтого,E,3828dec85bc546bd064190a023c7c802d6a8ab0a.pdf,1
111,domain_2,9,Для лікування яких станів рекомендовано прийняти 150 мг дифлазону один раз на тиждень?,"для запобігання рецидиву орофарингеального кандидозу у хворих на СНІД, проти шкірних інфекцій та мікозу нігтів",виключно проти шкірних інфекцій,при глибоких ендемічних мікозах,при криптококовому менінгіті ,"при кандидемії, дисемінованому кандидозі та інших формах інвазивної кандидозної інфекції","при атрофічному кандидозі порожнини рота, пов’язаному із зубними протезами",A,cc340c81af3efa6ad4f864b38c4b1c497562df63.pdf,3
112,domain_2,6,Яка з цих речовин входить до діючих речовин солпадеїну?,магнію стеарат,етанол,вода,тальк очищений,кофеїн,кислота стеаринова,E,2ee44110e9b8b4b6f0e41ef9c8cc553be744551b.pdf,1
114,domain_2,9,Яка діюча речовина входить до складу дифлазону?,криптококоз,магнію стеарат,натрію лаурилсульфат,Е 171,терфенадин,флуконазол,F,cc340c81af3efa6ad4f864b38c4b1c497562df63.pdf,1
116,domain_1,79,"Що має відбутися в разі, якщо гравець у регбі не встигне виконати удар протягом хвилини?",Гравець автоматично забиває гол,Гравець отримує жовту картку,Штрафний удар анулюється,Гра триває лише 30 секунд,Команда програє матч,Штрафний удар призначається супернику,C,759dfc8486c0f02391d7cfc1fed753b0608fc601.pdf,15
117,domain_1,79,Скільки разів команда може замінити гравців у пляжному регбі?,П'ять разів,Необмежену кількість разів,Двічі,Тричі,Один раз,Чотири рази,B,759dfc8486c0f02391d7cfc1fed753b0608fc601.pdf,56
118,domain_1,76,Що таке гандикап в автомобільному спорті?,термін для ліцензування водіїв,умова для проведення змагань,правило щодо підрахунку часу,метод оцінки ознак автомобілів,спосіб зрівняти шанси учасників змагання,система визначення переможців,E,41b8a1637eea9e8acb06eef16b1c2479e37e759c.pdf,4
119,domain_2,4,Яку максимальну дозу Інфаколу можна дати дитині?,60 мг (1.5 мл),40 мг (1 мл),20 мг (0.5 мл),50 мг (1.25 мл),10 мг (0.25 мл),30 мг (0.75 мл),B,67bfbcbe3cfd8f845785a8664b9b73b6b4751d72.pdf,3
121,domain_2,26,Яка терапія рекомендована для пацієнтів з реноваскулярною гіпертензією?,допомога при гіпоглікемії,введення інсуліну,поєднання з калійзберігаючими препаратами,реваскуляризація,застосування альфа-блокаторів,лікування НПЗЗ,D,d80178b24cc3a40d841ec790e575767afd0a3fd9.pdf,17
123,domain_1,79,Хто може бути на ігровій площі під час матчу з регбі?,Тільки глядачі,Тільки тренери,Тільки лікарі,Тільки судді,Будь-хто за бажанням,"Тільки гравці, арбітр і бокові судді",F,759dfc8486c0f02391d7cfc1fed753b0608fc601.pdf,9
124,domain_1,79,У якому випадку в регбі призначається штрафна спроба?,Якщо арбітр не впевнений у результаті,Якщо гравець пропустив м'яч,Якщо зовнішній гравець у сутичці перешкоджав противнику переміщатися навколо неї ,Якщо два гравці одночасно торкнулися м'яча,Якщо м'яч вийшов в аут,Якщо гравець порушив правила,C,759dfc8486c0f02391d7cfc1fed753b0608fc601.pdf,44
125,domain_2,16,Яка максимально рекомендована доза Периндоприлу для пацієнтів з артеріальною гіпертензією після місяця лікування?,"7,5 мг 2 рази на добу",5 мг 1 раз на добу,"2,5 мг 2 рази на добу",20 мг 1 раз на добу,15 мг 1 раз на добу,10 мг 1 раз на добу,F,5ae9814fac3ba1f5048ce716f15304d3ead03823.pdf,12
127,domain_2,5,Яка з цих реакцій є побічною дією вінпоцетину?,сонливість,дзвін у вухах,вагітність,сухість шкіри,атеросклероз судин головного мозку,інсульт,A,f8e8ea2b7e82798862bc3d7b2753f2262642d889.pdf,2
129,domain_2,9,Скільки разів на день рекомендовано застосовувати препарат Діаремікс для дорослих?,1 раз на тиждень,1 раз на добу,2-3 рази на день,Два рази на день,3-4 рази на день,2 рази на місяць,C,114aa3c7890f255d1134a31a22a29caae427a6f1.pdf,7
130,domain_2,3,Яка активна речовина має пом'якшувальну дію в препараті бронхіал ПЛЮС?,листя тим'яну,калію сорбат,вітамін С,слиз листків і кореня алтея,ефірна олія тим'яну,мед,D,5c75a2eb4814242f35871112bc657e36f813674b.pdf,1
131,domain_1,173,Що таке Шидо у контексті порушень під час змагань з джиу-джитсу?,Зупинка поєдинку,Важке порушення,Дискваліфікація,Незначне порушення,Середнє порушення,Легке порушення за яке нараховується 1 бал супернику,F,54a634188fe502d79e2653231c8ea286636142a0.pdf,107
133,domain_2,4,Які умови зберігання препарату Інфакол?,при температурі не вище 15 °С,в холодильнику,в морозильнику,при температурі не вище 30 °С,при кімнатній температурі,при температурі не вище 25 °С,F,67bfbcbe3cfd8f845785a8664b9b73b6b4751d72.pdf,3
134,domain_2,3,До якої фармакотерапевтичної групи належить елоком?,протизапальні препарати,кортикостероїди для місцевого застосування,снодійні,вітаміни,анальгетики,антибіотики,B,556be4e553eab6942598e58cfa02b6aaa553a0e5.pdf,1
135,domain_1,122,Скільки вправ має складати мінімальна програма спортивних змагань зі стронгмену?,Вісім вправ,Чотири вправи,Десять вправ,Три вправи,П’ять вправ,Сім вправ,E,0ec2a844ab5e5f66bfff7d66dbd5b33bca34cc94.pdf,4
137,domain_1,89,Коли проводиться зважування учасників змагань з самбо?,в день змагань,за тиждень до змагань,напередодні дня змагань,одразу після реєстрації,під час змагань,відразу після жеребкування,C,72e790ea927cb79b08838bcd0e290c83fd4f6e06.pdf,5
138,domain_1,122,"Яка максимальна вага снарядів на вправі ""Truck pull"" на змаганнях зі стронгмену?",Не зазначено,300 кг,150 кг,200 кг,Вага визначається Положенням,250 кг,A,0ec2a844ab5e5f66bfff7d66dbd5b33bca34cc94.pdf,89
139,domain_2,9,"Який механізм дії флуконазолу, що міститься в препараті Дифлазон?",стимулює утворення тромбоцитів,покращує циркуляцію крові,збільшує рівень рифабутину в сироватці,пригнічує синтез ергостеролу у клітинах грибів,посилює метаболізм,підвищує імунітет,D,cc340c81af3efa6ad4f864b38c4b1c497562df63.pdf,8
140,domain_1,122,Яка максимальна кількість учасників може бути в команді на змаганнях зі стронгмену?,10 спортсменів,12 спортсменів,15 спортсменів,6 спортсменів,9 спортсменів,5 спортсменів,E,0ec2a844ab5e5f66bfff7d66dbd5b33bca34cc94.pdf,12
141,domain_1,25,Хто призначає мандатну комісію для перевірки заявок на участь у змаганнях з го?,Суддівська колегія,Організаційний комітет,Міністерство молоді та спорту,Представник команди,Гравці,Головний суддя,B,ac85a12a4483579ba8f51197b5c8ace05f5397e0.pdf,7
142,domain_1,173,Який орган відповідає за організацію та проведення всеукраїнських спортивних змагань з джиу-джитсу?,Міністерство юстиції України,Спортивний комітет України,Міжнародна федерація джиу-джитсу (JJIF),Наукова рада фізичної культури,Асоціація джиу-джитсу України (АДДУ),Національний олімпійський комітет України,E,54a634188fe502d79e2653231c8ea286636142a0.pdf,7
143,domain_2,26,"Який максимальний відсоток дози амлодипіну, що у складі трипліксаму, проникає у грудне молоко?",15%,близько 10%,"97,50%",від 3 до 7%,менше 1%,60%,A,d80178b24cc3a40d841ec790e575767afd0a3fd9.pdf,20
147,domain_2,6,Які допоміжні речовини входять до складу Баклофену?,"віск, етанол, лактоза, магній, кукурудзяний крахмаль","етилцелюлоза, вода, тальк, крохмаль, спирт","вуглець, калій, крохмаль, олія, желатин","цукор, крохмаль, желатин, магній, олія","лактоза, крохмаль кукурудзяний, желатин, тальк, магнію стеарат, етилцелюлоза.","тіосечовина, желатин, етанол, вода, магній",E,3828dec85bc546bd064190a023c7c802d6a8ab0a.pdf,1
148,domain_1,59,Спортсмени якого віку можуть брати участь у всеукраїнських змаганнях з веслування на байдарках і каное?,З 12 років,З 10 років,З 14 років,Не має обмежень,З 15 років,З 18 років,A,cadef3fc7594662353b7c94387b63a926b5d92d3.pdf,6
149,domain_2,26,"Що може бути наслідком передозування амлодипіну, що у складі трипліксаму?",системна гіпотензія,свербіж,гіперглікемія,проблеми з печінкою,кашель,дзвін у вухах,A,d80178b24cc3a40d841ec790e575767afd0a3fd9.pdf,22
151,domain_2,4,Що робити при передозуванні супрагістимом?,проводити промивання шлунка,перейти на рідке харчування,зробити укол адреналіну,прийняти снодійні засоби,прийняти душ,приняти заспокійливі засоби,A,a8bf09b126fb7c9072a5a54c3c0aaa5df7968ea4.pdf,2
153,domain_2,6,Яка добова доза баклофену рекомендована для дітей від 2 до 6 років?,"0,75-2 мг/кг",30-40 мг на добу,10-15 мг на добу,15-25 мг на добу,20-30 мг на добу,5-10 мг на добу,E,3828dec85bc546bd064190a023c7c802d6a8ab0a.pdf,3
156,domain_1,89,"Що очікує учасника, який не з'явився на зважування перед змаганнями з боротьби самбо?",може зважитися пізніше,може змагатися в іншій категорії,продовжити участь в змаганнях,до змагань не допускається,повинен надати довідку лікаря,одержує попередження,D,72e790ea927cb79b08838bcd0e290c83fd4f6e06.pdf,5
157,domain_2,5,При яких захворюваннях не слід застосовувати Вінпоцетин?,серцеві аритмії,кропив'янка,дзвін у вухах,артрит,сонливість,гіпертензивна енцефалопатія,A,f8e8ea2b7e82798862bc3d7b2753f2262642d889.pdf,1
159,domain_1,25,Коли гравці в го можуть прийняти рішення про завершення гри?,На вимогу одного з гравців,Коли обидва відмовляються від ходу,Тільки після першого туру,Лише в разі рівності очок,За рішенням судді,Після двох годин гри,B,ac85a12a4483579ba8f51197b5c8ace05f5397e0.pdf,13
160,domain_2,9,Яка рекомендована добова доза дифлазону при лікуванні орофарингеального кандидозу?,100 мг,150 мг,1 мм^3,200 мг,50 мг,400 мг,E,cc340c81af3efa6ad4f864b38c4b1c497562df63.pdf,2
164,domain_1,173,Яка мета спортивних змагань з джиу-джитсу в Україні?,Залучення спонсорів,Підвищення комерційної вигоди,Підготовка тренерів з джиу-джитсу,Дослідження історії спорту,Відбір спортсменів для міжнародних турнірів,Популяризація та пропаганда джиу-джитсу в Україні,F,54a634188fe502d79e2653231c8ea286636142a0.pdf,2
165,domain_1,79,Який документ регламентує проведення змагань з регбі в Україні?,Положення про фізичну культуру,Міжнародні правила регбі,Статут Федерації регбі України,Закон України про спорт,Правила спортивних змагань з регбі,Правила гри з футболу,E,759dfc8486c0f02391d7cfc1fed753b0608fc601.pdf,2
172,domain_1,173,У якій формі подається протест у змаганнях з джиу-джитсу?,На сайті АДДУ,Одразу під час поєдинку,"Письмовий після усного, до організаційного комітету",Електронною поштою,Усно до суддівської колегії,Телефоном,C,54a634188fe502d79e2653231c8ea286636142a0.pdf,132
174,domain_1,25,Який орган має право вносити зміни до правил спортивних змагань з го?,Міністерство освіти,"Федерація го (бадук, вейчі) України",Міжнародна Федерація Го,Міністерство охорони здоров'я,Суддівська колегія,Провідні тренери,B,ac85a12a4483579ba8f51197b5c8ace05f5397e0.pdf,2
176,domain_2,11,Яка максимальна добова доза Ланзоптолу для пацієнтів із тяжкими порушеннями функції печінки?,90 мг,15 мг,немає обмеження,60 мг,30 мг,45 мг,E,780fd55597cd81f1cf0d1492926ab69cfb115d89.pdf,8
178,domain_2,2,Яку дію має метилурацил?,зменшує стомлюваність,посилює біль,призводить до нудоти,стимулює апетит,знижує температуру,"стимулює лейкопоез, має анаболічну та антикатаболічну дію",F,986dbec74e7ac870dfcf8b14337b301227c61238.pdf,1
179,domain_1,173,"Хто може входити до складу спортивної делегації організації, яка бере участь у змаганнях з джиу-джитсу?",Тільки секретарі,Тільки представники команд,Тільки учасники змагань,"Тренери, судді, медичний персонал",Тільки лікарі,Тільки тренери,D,54a634188fe502d79e2653231c8ea286636142a0.pdf,35
182,domain_2,2,Яка міжнародна назва препарату метилурацилу?,ПЕО-400,methyluracil,пуринова основа,"2,4-діоксо-6-метил-1,2,3,4-тетрагідропіримідин",метил урацил,метилпурин,B,986dbec74e7ac870dfcf8b14337b301227c61238.pdf,1
183,domain_2,13,Яка рекомендована доза Ретровіру для дорослих з масою тіла не менше 30 кг?,300 мг 1 раз на добу,200 мг 2 рази на добу,250 або 300 мг 2 рази на добу,400 мг 1 раз на добу,100 мг 1 раз на добу,500 мг 3 рази на добу,C,20e086e7585d5e496d67ed2313ceb5aa53b409b5.pdf,2
185,domain_2,3,На який термін рекомендовано лікування БРОНХІАЛ ПЛЮС?,3–5 днів,2–3 тижні,7–10 днів,5–7 днів,3 роки,від 1 до 3 років,C,5c75a2eb4814242f35871112bc657e36f813674b.pdf,2
187,domain_1,59,Яка мінімальна вага човна класу С1 (каное -одиночка) у кілограмах?,16,20,14,12,18,10,C,cadef3fc7594662353b7c94387b63a926b5d92d3.pdf,5
188,domain_2,26,"Скільки індапаміду міститься у семи таблетках трипліксаму 10 мг/2,5 мг/5 мг?",7 мг,"2,5 мг",10 мг,"17,5 мг",175 мг,70 мг,D,d80178b24cc3a40d841ec790e575767afd0a3fd9.pdf,1
190,domain_1,122,Які можливі категорії учасників у змаганнях зі стронгмену?,Аматори,Підлітки,Лише ветерани,Тільки жінки,Чоловіки та жінки,Тільки чоловіки,E,0ec2a844ab5e5f66bfff7d66dbd5b33bca34cc94.pdf,10
192,domain_1,173,Кому необхідно подати медичну довідку для участі у змаганнях з джиу-джитсу?,Тільки тренерам,Спостерігачам змагань,Секретарям,Учасникам змагань,Усім глядачам,Тільки призерам минулих змагань,D,54a634188fe502d79e2653231c8ea286636142a0.pdf,26
193,domain_2,7,Що слід зробити у разі передозування амоксициліну?,негайно звернутися до аптеки,змінити лікарський засіб,проводити промивання шлунка і застосовувати активоване вугілля,збільшити дозування,необхідно прийняти більше води,призначити антибіотики самостійно,C,2827fbd42bc74ef48ac74ef40b90868b94b1da79.pdf,3
195,domain_2,3,Які симптоми лікує елоком?,застуду,запалення та свербіж,астму,біль у м'язах,алергію,грип,B,556be4e553eab6942598e58cfa02b6aaa553a0e5.pdf,1
198,domain_1,76,Які вимоги висуваються до автомобілів-учасників на змаганнях із автомобільного спорту?,мають бути новими,бути виробленими в Україні,мати спортивний технічний паспорт ФАУ,мати ліцензію лише на одне змагання,мати чотири колеса,мати утеплений кузов,C,41b8a1637eea9e8acb06eef16b1c2479e37e759c.pdf,36
199,domain_2,26,Через скільки годин після прийому трипліксаму спостерігається максимальна антигіпертензивна дія периндоприлу?,через 24 години,через 8 годин,через 48 годин,через 4–6 годин,через 3-4 години,через 1 годину,D,d80178b24cc3a40d841ec790e575767afd0a3fd9.pdf,3
200,domain_1,76,Яка організація має виключне право на проведення та організацію змагань з автомобільного спорту?,Національна асоціація автомобілістів,Міжнародна автомобільна федерація,Міністерство молоді та спорту України,ФАУ,Федерація автомобільного спорту світу,Асоціація спортивних директорів,D,41b8a1637eea9e8acb06eef16b1c2479e37e759c.pdf,13
203,domain_2,2,Як слід підготувати супозиторій метилурацилу для введення?,змочити водою,змішати з маслом,нагріти до кімнатної температури,змішати з кремом,потримати в морозильнику,додати літр молока,A,986dbec74e7ac870dfcf8b14337b301227c61238.pdf,1
204,domain_1,76,Що таке слалом в автомобільному спорті?,змагання на брудній трасі,змагання на закритих трасах,групові змагання з картингу,підготовка автомобіля до треку,тренування з дрег рейсінгу,"змагання на позначеній спеціальними маркерами трасі, яку необхідно пройти згідно з встановленою схемою",F,41b8a1637eea9e8acb06eef16b1c2479e37e759c.pdf,9
207,domain_1,173,Як довго триває раунд джиу-джитсу у ІV системі для групи А?,3 хвилини,5 хвилин,2 хвилини,1 хвилина,4 хвилини,Не обмежено,A,54a634188fe502d79e2653231c8ea286636142a0.pdf,90
208,domain_1,59,Хто є головою суддівської колегії змагань з веслування?,Суддя на старті,Суддя на фініші,Представник команди,Заступник головного судді,Головний суддя,Головний секретар змагань,E,cadef3fc7594662353b7c94387b63a926b5d92d3.pdf,11
209,domain_1,25,"Яка система спортивних змагань з го застосовується, коли беруть участь гравці з великою різницею рівня гри?",система Макмагон,система «за жеребом»,суддівські записки,файтинг система,швейцарська система,схевенінгенська система,A,ac85a12a4483579ba8f51197b5c8ace05f5397e0.pdf,5
210,domain_1,76,Які варіанти старту можуть бути в автомобільному спорті?,старт з поворотів,старт з місця і старт з ходу,старт з землі,старт з обов’язками,різкий старт,старт з половини кола,B,41b8a1637eea9e8acb06eef16b1c2479e37e759c.pdf,52
211,domain_1,79,Яка тривалість основного часу матчу з регбі серед дорослих команд?,Не перевищує 70 хвилин,Не перевищує 50 хвилин,Не перевищує 90 хвилин,Не перевищує 60 хвилин,Залежно від кількості гравців,Не перевищує 80 хвилин,F,759dfc8486c0f02391d7cfc1fed753b0608fc601.pdf,7
213,domain_2,26,До чого може призвести одночасне застосування трипліксаму та імуносупресорів?,може підвищити смертність,може викликати гіперкаліємію,може викликати ангіоневротичний набряк,може погіршити функції нирок,може збільшити концентрацію літію,може спричинити гіпотензію,B,d80178b24cc3a40d841ec790e575767afd0a3fd9.pdf,7
214,domain_2,26,Яка лікарська форма Трипліксаму?,гель,розчин для ін'єкцій,суспензія,контейнер для таблеток,капсули,таблетки,F,d80178b24cc3a40d841ec790e575767afd0a3fd9.pdf,1
215,domain_1,122,Коли має відбуватися процедура зважування учасників перед спортивними змаганнями зі стронгмену?,Щодня,Не пізніше ніж за дві години до початку змагань,Без обмежень у часі,Для всіх учасників в один день,За добу до початку змагань,Протягом змагань,B,0ec2a844ab5e5f66bfff7d66dbd5b33bca34cc94.pdf,8
217,domain_2,3,Чому не можна застосовувати циклодинон під час вагітності?,викликає нудоту,може спричинити зменшення лактації,впливає на апетит,знижує цукор в крові,провокує алергію,підвищує тиск,B,7db5015ac19c3cd7bb04118b38a228b3572a358c.pdf,2
218,domain_2,2,Яке дозування метилурацилу для дорослих?,по 1 супозиторію раз на добу,по 1–4 супозиторії на добу,по 2 супозиторії двічі на день,по 1 супозиторію раз на тиждень,по 1/4 супозиторія на добу,по 1/2 супозиторія на добу,B,986dbec74e7ac870dfcf8b14337b301227c61238.pdf,1
219,domain_1,59,Яка організація затверджує правила змагань з веслування на байдарках і каное в Україні?,Обласні федерації,Національний олімпійський комітет,Міжнародна федерація каное,Федерація каное України,Міністерство юстиції України,Міністерство молоді та спорту України,F,cadef3fc7594662353b7c94387b63a926b5d92d3.pdf,1
222,domain_1,122,Який максимальний термін для подання іменних заявок на змагання зі стронгмену?,7 днів,5 днів,30 днів,14 днів,21 день,10 днів,E,0ec2a844ab5e5f66bfff7d66dbd5b33bca34cc94.pdf,4
223,domain_2,6,Які з цих симптомів є побічними реакціями солпадеїну з боку шкіри?,запаморочення,грип,анемія,пневмонія,висипання,параліч,E,2ee44110e9b8b4b6f0e41ef9c8cc553be744551b.pdf,2
224,domain_2,3,Що може статися при передозуванні Елокому?,зниження апетиту,алергія на сонце,пригнічення функції гіпофізарно-наднирникової системи,збільшення ваги,збільшення серцевих скорочень,порушення зору,C,556be4e553eab6942598e58cfa02b6aaa553a0e5.pdf,2
225,domain_2,5,Що є симптомом передозування Вінпоцетину?,шум у вухах,нудота,запаморочення,симптоми передозування невідомі,блювання,свербіж,D,f8e8ea2b7e82798862bc3d7b2753f2262642d889.pdf,2
227,domain_1,89,Скільки часу дається на утримання у самбо?,40 секунд,20 секунд,10 секунд,15 секунд,25 секунд,30 секунд,B,72e790ea927cb79b08838bcd0e290c83fd4f6e06.pdf,21
228,domain_2,6,Яка форма випуску препарату Баклофен?,порошок,сироп,ампули,капсули,таблетки,суспензія,E,3828dec85bc546bd064190a023c7c802d6a8ab0a.pdf,1
230,domain_2,4,Яка фармакотерапевтична група препарату CУПРAГІСТИМ®?,Місцеві анестетики,Протизапальні засоби,Седативні засоби,Антидепресанти,Антигістамінні засоби для системного застосування,Аналгетики,E,a8bf09b126fb7c9072a5a54c3c0aaa5df7968ea4.pdf,1
231,domain_2,7,Які інфекції лікує амоксицилін?,"інфекції верхніх і нижніх дихальних шляхів, інфекції нирок та урогенiтального тракту, інфекції шлунково-кишкового тракту та ендокардит",інфекції суглобів,нейроінфекції,інфекції ротової порожнини,інфекції шкіри,інфекції глаз,A,2827fbd42bc74ef48ac74ef40b90868b94b1da79.pdf,1
232,domain_1,122,Які вимоги застосовуються до іменних заявок на участь у змаганнях зі стронгмену?,"Заповнюються обов'язково друком, підпис лікаря та печатка медичної установи",Підпис не потрібен,Не потрібні паспортні дані,Заповнюються від руки,Можна без печатки,Не потрібно вказувати дату народження,A,0ec2a844ab5e5f66bfff7d66dbd5b33bca34cc94.pdf,4
233,domain_1,79,Якого типу м'яч використовується в пляжному регбі?,М'яч розміру 4,М'яч розміру 6,М'яч розміру 7,М'яч розміру 3,"Не важливо, який тип",М'яч розміру 5,F,759dfc8486c0f02391d7cfc1fed753b0608fc601.pdf,56
235,domain_2,4,Яка діюча речовина міститься в препараті Супрагістим®-Дарниця?,лактози моногідрат,парацетамол,кальцію стеарат,картопляний крохмаль,диметикон,хлоропірамін,F,a8bf09b126fb7c9072a5a54c3c0aaa5df7968ea4.pdf,1
236,domain_1,76,Що таке кантрі-крос?,змагання на замкнутій трасі по болотистій місцевості з обов’язковими водними перешкодами,змагання на історичних автомобілях,"змагання, що проводяться на замкнутій трасі без твердого покриття, яка прокладена по пересіченій місцевості",змагання на кільцевій трасі з роздільним стартом,змагання з дисциплін боротьба самбо,змагання на замкнутій трасі з ділянками з твердим покриттям та без нього,C,41b8a1637eea9e8acb06eef16b1c2479e37e759c.pdf,6
237,domain_2,6,Яка максимальна добова доза солпадеїну для дорослих?,не більше 12 таблеток,не більше 10 таблеток,не більше 8 таблеток,не більше 6 таблеток,не більше 14 таблеток,не більше 4 таблеток,C,2ee44110e9b8b4b6f0e41ef9c8cc553be744551b.pdf,2
238,domain_2,17,Яка діюча речовина міститься у препараті Сандімун Неорал?,етанол безводний,пропіленгліколь,оліє рицинова поліетоксильована,моно- і ди-три гліцериди кукурудзяної олії,циклоспорин,DL-α-токоферол,E,f548cde5ba56c4e1d8aeca95c3e190f2711d6fa1.pdf,1
240,domain_1,25,"Що відбувається, якщо у змаганні з го гравець використав увесь додатковий час?",Проводиться додаткова гра,Гра продовжується без годинника,Можна запросити суддю,Гравцю дається ще один шанс,Гравцеві зараховується поразка,Гра закінчується нічиєю,E,ac85a12a4483579ba8f51197b5c8ace05f5397e0.pdf,12
241,domain_1,76,"Якій категорії учасників можна брати участь у змаганнях з кросу, кантрі-кросу?",фіналісти міжнародних змагань,молодші юнаки на багі - з 6 до 10 років,лише старші юнаки з 10 до 14,досвідчені гонщики з 20 років,лише дорослі з 18 років,лише юніори з 14 до 18,B,41b8a1637eea9e8acb06eef16b1c2479e37e759c.pdf,12
243,domain_2,6,Чи можна приймати Баклофен під час вагітності?,"так, в не обмежених дозах",можна тільки за абсолютної необхідності,заборонено тільки в першому триместрі,категорично заборонено,"так, в будь-якій кількості","так, в обмеженій кількості, але щоденно",B,3828dec85bc546bd064190a023c7c802d6a8ab0a.pdf,5
244,domain_2,6,Який вік є протипоказанням для застосування Солпадеїну?,літній вік,вік до 2 років,вік до 6 років,вік до 10 років,підлітковий вік,вік до 12 років,F,2ee44110e9b8b4b6f0e41ef9c8cc553be744551b.pdf,4
245,domain_2,2,Яка форма випуску метилурацилу?,супозиторії вагінальні,порошок,супозиторії ректальні,капсули,Препарати супроводу,таблетки,C,986dbec74e7ac870dfcf8b14337b301227c61238.pdf,1
246,domain_1,76,Які вимоги визначають Правила спортивних змагань з автомобільного спорту?,"вимоги до учасників змагань, спортивних споруд, спеціального обладнання та інвентарю, умови та порядок визначення результатів та переможців змагань, організацію, проведення та суддівство змагань з автомобільного спорту, які проводяться на території України",вимоги до учасників тільки в ралі,вимоги до автомобілів для змагань з кросу,умови проведення змагань тільки з українськими автомобілями,умови участі тільки для професійних водіїв,вимоги лише до спортивних споруд та суддів,A,41b8a1637eea9e8acb06eef16b1c2479e37e759c.pdf,2
247,domain_2,13,Вживання якого препарату зменшує абсорбцію зидовудину?,кларитроміцину,фенітоїну,ламівудину,рибавірину,гліцерину,флюконазолу,A,20e086e7585d5e496d67ed2313ceb5aa53b409b5.pdf,11
249,domain_1,122,Що таке мандатна комісія у контексті спортивних змагань зі стронгмену?,Колегія тренерів,"Група суддів, яка організовує змагання",Асоціація спортивних лікарів,"Комісія, що вирішує питання участі спортсменів або команд у спортивних змаганнях",Фінансова комісія змагань,"Група, що відповідає за медіа-підтримку",D,0ec2a844ab5e5f66bfff7d66dbd5b33bca34cc94.pdf,9
250,domain_2,3,Який вітамін міститься у складі Бронхіалу Плюс?,вітамін А,вітамін E,екстракт алтея та екстракт тим'яну,вітамін B12,вітамін С,вітамін D,E,5c75a2eb4814242f35871112bc657e36f813674b.pdf,1
253,domain_2,3,По скільки гранул гастро-грану рекомендовано класти під язик дорослим та дітям віком від 7 років?,15–20,"2,5",1,10 г,10,7,F,fb285f08989b559f0080c9dd096d3557860f919d.pdf,2
254,domain_1,59,Хто не входить до складу мандатної комісії на змаганнях з веслування на байдарках і каное?,учасники змагань,представник організатора змагання,головний суддя змагань,суддя-інспектор,лікар змагань,головний секретар змагань,A,cadef3fc7594662353b7c94387b63a926b5d92d3.pdf,4
255,domain_1,59,На яких дистанціях допускаються повороти у змаганнях із САП?,На коротких дистанціях,На довгих дистанціях та технічних перегонах,На середніх дистанціях,Тільки на довгих дистанціях,Тільки в естафетах,Тільки у фіналах,B,cadef3fc7594662353b7c94387b63a926b5d92d3.pdf,28
256,domain_2,11,Яка форма випуску препарату Ланзоптол?,Таблетки звичайні,Розчин для ін'єкцій,Капсули м'які,Порошок для приготування суспензії,Капсули тверді,Сироп,E,780fd55597cd81f1cf0d1492926ab69cfb115d89.pdf,1
258,domain_1,173,Яка мінімальна кількість учасників може брати участь у змаганнях з джиу-джитсу на міському рівні?,Не менше 1 учасника,Не менше ніж 2 учасників у кожній ваговій категорії,Не менше 3 учасників,Не менше 4 учасників,Не менше 5 учасників,Не менше 10 учасників,B,54a634188fe502d79e2653231c8ea286636142a0.pdf,75
261,domain_1,76,З якою метою проводяться змагання з автомобільного спорту?,створення нових автомобільних класів,регулювання автомобільного трафіку,популяризація автомобільного спорту серед молоді,виявлення найсильніших спортсменів у різних дисциплінах автомобільного спорту,встановлення рекордів швидкості,забезпечення безпеки на трасах,D,41b8a1637eea9e8acb06eef16b1c2479e37e759c.pdf,2
265,domain_2,11,Що потрібно зробити усім пацієнтам перед початком лікування ланзоптолом?,Перевірити рівень холестерину,Провести ендоскопічний контроль шлунку і стравоходу,Провести фізичне навантаження,Зменшити кількість споживаних калорій,Збільшити дозу НПЗП,Виміряти концентрацію магнію,B,780fd55597cd81f1cf0d1492926ab69cfb115d89.pdf,5
268,domain_2,3,До чого може призвести одночасне використання елокому та вживання глібенкламіду?,до коливання рівня глюкози у крові,до зміни стану коагуляції крові,до нефротичних ефектів,до судом,невідомо,до невеликого підвищення сироваткових концентрацій глібенкламіду,E,556be4e553eab6942598e58cfa02b6aaa553a0e5.pdf,3
269,domain_2,17,Яка рекомендована початкова добова доза сандімуну неоралу при ендогенному увеїті?,6 мг/кг,10 мг/кг,5 мг/кг,7 мг/кг,"12,5 мг/кг",3 мг/кг,C,f548cde5ba56c4e1d8aeca95c3e190f2711d6fa1.pdf,3
270,domain_1,59,Скільки типів змагань з веслування існує за характером проведення?,П’ять,Шість,Чотири,Три,Два,Сім,C,cadef3fc7594662353b7c94387b63a926b5d92d3.pdf,1
271,domain_2,3,Якої форми випуску є циклодинон?,порошок,ампули,гель,сироп,оральні краппі,таблетки,E,7db5015ac19c3cd7bb04118b38a228b3572a358c.pdf,1
272,domain_2,3,Яка максимальна доза бронхіалу для дітей старше 3 років?,по 2 столові ложки 3 рази на день,по 1 чайній ложці 1 раз на день,по 1 столовій ложці 3–5 разів на день,по 1 чайній ложці 3–5 разів на день,по 1/2 чайної ложки 3–5 разів на день,по 2 чайні ложки 2-3 рази на день,D,5c75a2eb4814242f35871112bc657e36f813674b.pdf,2
273,domain_2,7,Яке дозування амоксициліну для дорослих у разі неускладнених інфекцій сечового тракту?,одна доза 5 г з інтервалами 10-12 годин,п'ять доз по 1.5 г з інтервалами 10-12 годин,вісім доз по 100 мг з інтервалами 5-10 годин,дві дози по 3 г на день з інтервалами 10-12 годин,одна доза 3 г з інтервалами 8-10 годин,дві дози по 1 г з інтервалами 10-12 годин,D,2827fbd42bc74ef48ac74ef40b90868b94b1da79.pdf,2
275,domain_2,2,Яке дозування метилурацилу для дітей 3-8 років?,по 1/4 супозиторія на добу,по 1/2 супозиторія на добу,по 1 супозиторію раз на добу,по 2 супозиторії на добу,по 1 супозиторію раз на тиждень,по 1–4 супозиторії на добу,B,986dbec74e7ac870dfcf8b14337b301227c61238.pdf,1
278,domain_2,3,Які допоміжні речовини містить лосьйон Елоком?,цукор,олія,гліцерин,сіль,пропіленгліколь,вода,E,556be4e553eab6942598e58cfa02b6aaa553a0e5.pdf,1
283,domain_2,3,Чи безпечно керувати транспортою під час застосування циклодинону?,може викликати сонливість,"безпечно, якщо вживати в рекомендованих дозах",підвищує ризик аварій,доступно лише водіям з досвідом,небезпечно завжди,заборонено під час якихось процедур,B,7db5015ac19c3cd7bb04118b38a228b3572a358c.pdf,2
284,domain_2,2,Для чого застосовують метилурацил?,обробка ран,лікування грипу,лікування серцевих захворювань,зниження артеріального тиску,зниження ваги,"лікування проктитів, проктосигмоїдитів, колітів та інших запально-виразкових процесів нижніх відділів товстого кишківника",F,986dbec74e7ac870dfcf8b14337b301227c61238.pdf,1
285,domain_2,16,У яких дозуваннях продаються таблетки периндоприл-тева?,"по 2,5 мг, 5 мг та 10 мг",по 9 мг/мл,"по 0,2 л/кг","по 5 мг, 5 мг та 10 мг",in vitro,"по 1,7 мг, 3,4 мг та 6,8 мг",A,5ae9814fac3ba1f5048ce716f15304d3ead03823.pdf,1
286,domain_2,4,Яке протипоказання є для використання препарату Супрагістим-Дарниця у дітей?,Вік до 10 років,Вік до 8 років,Вік до 12 років,Вік до 5 років,Вік до 6 років,Дитячий вік до 14 років для даної лікарської форми.,F,a8bf09b126fb7c9072a5a54c3c0aaa5df7968ea4.pdf,1
287,domain_2,3,Що є протипоказанням до застосування Елокому?,альцгеймер,гіперчутливість до компонентів,епілепсія,дисліпідемія,діабет,артеріальна гіпертензія,B,556be4e553eab6942598e58cfa02b6aaa553a0e5.pdf,2
289,domain_1,89,Який термін на подачу заявок на участь у змаганнях з боротьби самбо?,необмежений термін,на початку року,1 тиждень до змагань,1 день до змагань,відкритий термін,визначається Регламентом,F,72e790ea927cb79b08838bcd0e290c83fd4f6e06.pdf,4
290,domain_2,6,Які з цих лікарських засобів слід з обежежністю застосовувати разом з Солпадеїном?,інгібітори моноамінооксидази (МАО),мелатонін,парацетамол,антигістамінні препарати,антибіотики,нурофен,A,2ee44110e9b8b4b6f0e41ef9c8cc553be744551b.pdf,5
291,domain_1,59,Яка максимальна довжина САП-дошок за спортивними вимогами?,300 см,400 см,350 см,453 см,512 см,427 см,F,cadef3fc7594662353b7c94387b63a926b5d92d3.pdf,26
295,domain_2,6,Які з цих станів є протипоказаннями для застосування солпадеїну?,втома,грип,хронічний бронхіт,тяжкі порушення печінки,недостатність вітамінів,нервове виснаження,D,2ee44110e9b8b4b6f0e41ef9c8cc553be744551b.pdf,1
298,domain_1,122,Яка вага пулі у вправі Silver bullet на змаганнях зі стронгмену?,Від 200 до 400 кг,Не повинна перевищувати 50 кг,Від 150 до 250 кг,Від 70 до 150 кг,Від 100 до 300 кг,Вага визначається Положенням,F,0ec2a844ab5e5f66bfff7d66dbd5b33bca34cc94.pdf,77
300,domain_2,3,Яка форма випуску лікарського засобу Гастро-Гран?,Таблетки,Гранули,Порошок,Сироп,Розчин для ін'єкцій,Крем,B,fb285f08989b559f0080c9dd096d3557860f919d.pdf,1
301,domain_2,11,До якої фармакотерапевтичної групи належить Ланзоптол?,Антибіотики,Сечогінні засоби,Інгібітори протонної помпи,Антигістамінні препарати,Протизапальні засоби,Прогестини,C,780fd55597cd81f1cf0d1492926ab69cfb115d89.pdf,1
302,domain_2,4,Яка форма препарату Супрагістим®-Дарниця?,Капсули,Таблетки,Порошок,Розчин,Гель,Сироп,B,a8bf09b126fb7c9072a5a54c3c0aaa5df7968ea4.pdf,1
304,domain_2,3,Які побічні ефекти можуть проявлятися при застосуванні Елокому?,підвищена температура,діарея,безсоння,запаморочення,подразнення,блювота,E,556be4e553eab6942598e58cfa02b6aaa553a0e5.pdf,2
305,domain_2,13,Які побічні реакції можуть виникнути при застосуванні ретровіру з боку крові та лімфатичної системи?,покращення апетиту,задишка,нудота та блювання,біль у грудях,сухість шкіри,"анемія, нейтропенія, лейкопенія",F,20e086e7585d5e496d67ed2313ceb5aa53b409b5.pdf,3
307,domain_2,16,Скільки міліграмів периндоприлу містить одна таблетка у найвищій дозі препарату Периндоприл-Тева?,25 мг,20 мг,15 мг,10 мг,"2,5 мг",5 мг,D,5ae9814fac3ba1f5048ce716f15304d3ead03823.pdf,1
308,domain_2,17,Які заходи безпеки рекомендуються під час прийому сандімуну неоралу пацієнтами літнього віку у випадках інвалідизуючого псоріазу?,припинення прийому препарату,зменшення рідини в раціоні,антигіпертензивну терапію,виключення їжі з білками,частий контроль функції нирок,постійний моніторинг артеріального тиску,E,f548cde5ba56c4e1d8aeca95c3e190f2711d6fa1.pdf,12
312,domain_2,6,Яким групам пацієнтів призначають Баклофен?,лише онкологічні пацієнти,лише вагітні жінки,лише підлітки,лише літні люди,"пацієнти з порушенням ниркової функції, пацієнтам похилого віку, хворим на епілепсію, які потребують супутнього лікування Баклофеном, пацієнтам, у яких підтримка вертикального положення тіла та рівноваги або
збільшення рухового діапазону залежить від тонусу м’язів, пацієнтам, які отримують антигіпертензивне лікування (можливість взаємодії); хворим на інсульт, з порушеннями дихальної функції та функції печінки; пацієнтам з підвищеним тонусом сфінктера сечового міхура (може відбуватися
затримка сечі).  ",лише пацієнти з серцевими захворюваннями,E,3828dec85bc546bd064190a023c7c802d6a8ab0a.pdf,5
313,domain_2,4,Які алергійні захворювання є показанням до застосування супрагістиму?,аденома передміхурової залози,глаукома,цукровий діабет,кропив’янка,підвищений тиск,гострий епідемічний паротит,D,a8bf09b126fb7c9072a5a54c3c0aaa5df7968ea4.pdf,1
314,domain_2,17,Яку форму випуску має Сандімун Неорал?,блістер,крем,таблетки,порошок,коробка з картону,м’які желатинові капсули,F,f548cde5ba56c4e1d8aeca95c3e190f2711d6fa1.pdf,1
316,domain_1,25,Які санкції можуть застосовуватись за порушення правил під час гри в го?,Перехід до іншої гри,Зняття каменів з дошки,Зміна кольорів,Додаткова гра,Обмеження у віковій групі,"попередження, програш, видалення з турніру",F,ac85a12a4483579ba8f51197b5c8ace05f5397e0.pdf,9
317,domain_1,59,Яке покарання може отримати спортсмен за фальстарт у змаганнях із веслування?,Виключення з команди,Дискваліфікація,Штраф у грошовій формі,Попередження,Зняття зі змагань,Участь у повторному старті,B,cadef3fc7594662353b7c94387b63a926b5d92d3.pdf,28
318,domain_1,122,Яка система обліку оцінок на змаганнях зі стронгмену?,12 балів за 1 місце до 2 балів за 9 місце,12 балів за 1 місце та 0 за інші,10 балів за 1 місце до 5 за 5 місце,1 бал за участь,Оцінювання без балів,8 балів за 1 місце до 1 балу за інші,A,0ec2a844ab5e5f66bfff7d66dbd5b33bca34cc94.pdf,12
319,domain_1,89,Які дисцпліни входять у правила змагань з боротьби самбо?,"футбол, волейбол, баскетбол","дзюдо, карате, боротьба","хокей, регбі, крикет","плавання, легка атлетика, боротьба","спортивне самбо, бойове самбо, пляжне самбо, демо самбо",лікувальна фізкультура,E,72e790ea927cb79b08838bcd0e290c83fd4f6e06.pdf,3
320,domain_2,3,Яка компанія виробляє циклодинон?,Санофі,Здоров’я,Укрополітика,Дарниця,Фармак АТ,Біонорика АГ,F,7db5015ac19c3cd7bb04118b38a228b3572a358c.pdf,1
322,domain_2,16,Яке дозування препарату Периндоприл-Тева рекомендовано для початку лікування артеріальної гіпертензії?,5 мг 2 рази на добу,"2,5 мг 3 рази на добу",5 мг 1 раз на добу,10 мг 1 раз на добу,20 мг 1 раз на добу,10 мг 2 рази на добу,C,5ae9814fac3ba1f5048ce716f15304d3ead03823.pdf,12
324,domain_2,5,Які можливі побічні реакції від застосування Дерива С?,"Почервоніння, лущення, сухість, свербіж і печіння шкіри",Збільшення ваги,Мігрень та головний біль,Сонливість та апатія,Підвищена температура тіла,Погіршення зору,A,9d2df2f02cd5d57fe401497c3e64e47a3994112d.pdf,4
325,domain_1,59,Хто є головою мандатної комісії під час змагань з веслування?,Секретар змагань,Представник організатора змагання,Лікар змагань,Тренер команди,Головний суддя змагань,Суддя-інспектор,B,cadef3fc7594662353b7c94387b63a926b5d92d3.pdf,4
326,domain_2,5,Чи можна застосовувати вінпоцетин дітям?,"можна, по 20 мг 1 раз на одне приймання","можна, 60 мг на добу є безпечною дозою",не можна,"можна, по 5 мг 1 раз на день","можна, по 5-10 мг 3
рази на добу",можна дітям від 7 років,C,f8e8ea2b7e82798862bc3d7b2753f2262642d889.pdf,3
328,domain_1,173,Яка вимога ставиться до участників змагань у джиу-джитсу щодо екіпіровки?,Необхідно носити прикраси,Можливе використання незручного одягу,Дотримуватися спеціальних правил щодо кольору одягу,Захисна екіпіровка потрібна під час виступу у I чи IV системах,Обов'язково складна екіпіровка,Дозволяється будь-яка екіпіровка,D,54a634188fe502d79e2653231c8ea286636142a0.pdf,26
330,domain_2,4,Який спосіб застосування супрагістиму для дорослих і дітей старше 14 років?,підшкірно 50 мг,внутрішньо 25 мг 2 рази на день,"внутрішньо, під час їжі, по 25 мг 3–4 рази на добу",перорально 50 мг 2 рази на добу,"внутрішньо, 100 мг 1 раз на добу",внутрішньом’язово раз на день,C,a8bf09b126fb7c9072a5a54c3c0aaa5df7968ea4.pdf,1
331,domain_2,3,Хто не може приймати гастро-гран?,Тільки жінки після пологів,Люди з підвищеною чутливістю до нітрату срібла,Люди з хворобами шлунка,Всі діти до 12 років,Тільки вагітні жінки,Дорослі та діти віком від 7 років ,B,fb285f08989b559f0080c9dd096d3557860f919d.pdf,1
332,domain_2,3,Яка форма випуску бронхіалу?,порошок,сироп,гель,краплі,рідкі таблетки,ампули,B,5c75a2eb4814242f35871112bc657e36f813674b.pdf,1
337,domain_1,122,Яка система використовується для підрахунку результатів у командних змаганнях зі стронгмену?,Результати всіх спортсменів,Всі результати команди,Тільки за одне змагання,Лише перше місце,Результати трьох перших місць від кожної команди,Результати по одному спортсмену,E,0ec2a844ab5e5f66bfff7d66dbd5b33bca34cc94.pdf,12
338,domain_1,122,Хто проводить змагання зі стронгмену в Україні?,Федерація стронгмену України (ФСУ),Кабінет Міністрів України,Ліга професійних спортсменів,Міжнародна федерація стронгмену,Міністерство молоді та спорту,Спортивна асоціація,A,0ec2a844ab5e5f66bfff7d66dbd5b33bca34cc94.pdf,5
339,domain_2,16,Що потрібно контролювати у пацієнтів з порушенні функції нирок при лікуванні Периндоприлом?,"біль
у животі",поширення ангіоневротичних набряків,рівень гемоглобіну,"У цих пацієнтів моніторинг концентрації
калію та креатиніну в сироватці крові є обов’язковим.",артеріальний тиск,виникнення обструкції дихальних шляхів,D,5ae9814fac3ba1f5048ce716f15304d3ead03823.pdf,8
340,domain_2,9,Які з цих побічних реакцій з боку травної системи можуть спостерігатися при прийомі дифлазону?,"запаморочення, судоми, розлад смаку","погіршення зору, висип","абдомінальний біль, діарея, сухість шкіри","диспепсія, нудота, діарея","анафілаксія, набрякання обличчя, свербіж шкіри, кропив’янка",підвищення температури,D,cc340c81af3efa6ad4f864b38c4b1c497562df63.pdf,4
341,domain_2,9,Яка тривалість терапії при лікуванні криптококового менінгіту за допомогою дифлазону?,1 тиждень,понад 3 тижні,до 6 тижнів,щонайменше 6–8 тижнів,від 3 до 6 місяців,2-4 тижні,D,cc340c81af3efa6ad4f864b38c4b1c497562df63.pdf,2
342,domain_2,17,Яким чином слід приймати капсули препарату Сандімун Неорал?,трансплантувати,розділяти на 2 частини,вмиватися до приймання,ковтати цілком,приймати з іншими препаратами,додавати в їжу,D,f548cde5ba56c4e1d8aeca95c3e190f2711d6fa1.pdf,3
343,domain_1,173,На якому етапі проходить нагородження учасників змагань з джиу-джитсу?,Одразу після жеребкування,Перед початком змагань,Після завершення всіх змагань,Нагородження не проводиться,У середині змагань,Без обмежень,C,54a634188fe502d79e2653231c8ea286636142a0.pdf,139
344,domain_2,6,Яка максимальна добова доза препарату Баклофен?,125 мг,150 мг,50 мг,100 мг,75 мг,200 мг,D,3828dec85bc546bd064190a023c7c802d6a8ab0a.pdf,3
345,domain_2,5,Яка форма випуску лікарського засобу Дерива С?,Порошок,Олійка,Гель,Капсули,Сироп,Таблетки,C,9d2df2f02cd5d57fe401497c3e64e47a3994112d.pdf,1
346,domain_1,79,Коли у змаганнях з регбі проводять допінг-контроль?,Перед стартом змагань,Лише при підозрі на допінг,Тільки в командних змаганнях,Раз на рік,Тільки на чемпіонатах світу,Під час всіх офіційних спортивних змагань,F,759dfc8486c0f02391d7cfc1fed753b0608fc601.pdf,74
347,domain_1,89,Хто здійснює акредитацію суб’єктів фізкультурно-оздоровчої діяльності з самбо?,Головний суддя,Суддівська колегія,Спортсмени,НФСУ,Міністерство освіти,Федерація футболу,D,72e790ea927cb79b08838bcd0e290c83fd4f6e06.pdf,3
348,domain_1,89,"Яка максимальна оцінка, яку може дати суддя за виступ учасника змагань із самбо?",19 балів,5 балів,4 бали,1 бал,6 балів,10 балів,F,72e790ea927cb79b08838bcd0e290c83fd4f6e06.pdf,48
349,domain_2,3,Як часто рекомендується наносити лосьйон Елоком?,2 рази на тиждень,2 рази на день,1 раз на тиждень,за потреби,1 раз на день,раз на місяць,E,556be4e553eab6942598e58cfa02b6aaa553a0e5.pdf,2
351,domain_2,13,Що є протипоказанням для застосування Ретровіру?,супутні захворювання печінки,гіперчутливість до зидовудину,вагітність до 12 тижнів,вік до 18 років,варикоз,алергія на фруктозу,B,20e086e7585d5e496d67ed2313ceb5aa53b409b5.pdf,1
352,domain_1,173,З якої причини учасник змагань з джиу-джитсу не може бути дискваліфікований?,отримання ушкодження чи травми,неявка на зважування,одяг учасника не відповідає вимогам правил спортивних змагань ,непроходження реєстрації та акредитації,грубе порушення правил спортивних змагань ,своєчасна явка на змагання,F,54a634188fe502d79e2653231c8ea286636142a0.pdf,134
353,domain_2,3,Які побічні дії може спричинити бронхіал?,кашель,помутніння,нудота,запаморочення,біль у животі,алергічні реакції,F,5c75a2eb4814242f35871112bc657e36f813674b.pdf,2
355,domain_1,76,Де мають бути розміщені основні регламентуючі документи автомобільних змагань?,у всіх спортивних комітетах,на офіційному сайті ФАУ,в публічних бібліотеках,в спортивних страховках,в автомобільних клубах,в суддівських органах,B,41b8a1637eea9e8acb06eef16b1c2479e37e759c.pdf,66
358,domain_2,5,Які показання для застосування Дерива С?,Знеболення при головному болю,Місцеве лікування звичайних вугрів (acne vulgaris),Лікування екземи,Лікування псоріазу,Лікування грибкових інфекцій,Лікування гіпертонії,B,9d2df2f02cd5d57fe401497c3e64e47a3994112d.pdf,2
361,domain_1,25,"Дошки якого розміру використовуються для гри в офіційних
спортивних змаганнях УФГо?",25x25,13x13,17x17,21x21,19x19,15x15,E,ac85a12a4483579ba8f51197b5c8ace05f5397e0.pdf,11
363,domain_2,3,Яка форма випуску препарату Елоком?,порошок,лосьйон,таблетки,крем,гель,мазь,B,556be4e553eab6942598e58cfa02b6aaa553a0e5.pdf,1
365,domain_1,122,"Скільки часу надається спортсменам для виконання вправи у ""Zarcher lift for max"" на змаганнях зі стронгмену?",30 секунд,45 секунд,75 секунд,90 секунд,60 секунд,120 секунд,E,0ec2a844ab5e5f66bfff7d66dbd5b33bca34cc94.pdf,113
366,domain_2,9,Яку дію має лоперамід у складі Діаремікса?,Протигрипозну,Протипухлинну,Антидіарейну,Протизапальну,Антибактеріальну,Знеболювальну,C,114aa3c7890f255d1134a31a22a29caae427a6f1.pdf,1
367,domain_2,3,Яка допоміжна речовина входить до складу препарату Гастро-Гран?,Парафін,Срібло,Цукор,Калій,Золото,Сіль,C,fb285f08989b559f0080c9dd096d3557860f919d.pdf,1
368,domain_2,5,Яке протипоказання вказано для вінпоцетину?,хронічні захворювання печінки,зниження слуху,набряк диску зорового нерва,цукровий діабет,алергія на лактозу,період годування груддю,F,f8e8ea2b7e82798862bc3d7b2753f2262642d889.pdf,1
369,domain_2,9,Яка побічна реакція з боку шлунково-кишкового тракту може виникнути при прийомі Діареміксу?,Запор,Осад у сечі,Епілепсія,Знекровлення,Головний біль,Слабкість,A,114aa3c7890f255d1134a31a22a29caae427a6f1.pdf,8
371,domain_1,122,Хто зустрічає VIP гостей та пресу на змаганнях зі стронгмену?,виконавчий директор,головний секретар,гравець гри го,головний суддя,суддя–інформатор,суддівська колегія,A,0ec2a844ab5e5f66bfff7d66dbd5b33bca34cc94.pdf,16
372,domain_2,5,Які властивості має вінпоцетин?,антиоксидантну дію,антибіотичну дію,тяжкий перебіг ішемічної хвороби серця,знеболюючу дію,гормональну дію,протизапальну дію,A,f8e8ea2b7e82798862bc3d7b2753f2262642d889.pdf,4
373,domain_2,17,Що призводить до підвищення біологічного накопичення діючої речовини Сандімуну Неоралу? ,"одночасне застосування з препаратами, що
містять калій",одночасне застосування з діуретиками,головний біль,одночасне застосування з барбітуратами,одночасне вживання грейпфрутового соку,порушення менструального циклу,E,f548cde5ba56c4e1d8aeca95c3e190f2711d6fa1.pdf,14
374,domain_1,173,Хто затверджує Правила спортивних змагань з джиу-джитсу в Україні?,Президент JJIF,Головний тренер збірної України,Міністерство освіти України,Заступник Міністра молоді та спорту України,Голова АДДУ,Суддівський комітет,D,54a634188fe502d79e2653231c8ea286636142a0.pdf,1
378,domain_1,79,Як виконується початковий удар в регбі?,Ударом з кута поля,Ударом з 15-метрової лінії,Ударом з 22-метрової лінії,Ударом з боку воріт,Ударом з залікової зони,Ударом з середини центральної лінії поля,F,759dfc8486c0f02391d7cfc1fed753b0608fc601.pdf,12
381,domain_1,59,Які дистанції вважають короткими у марафонських змаганнях із веслування?,Від 20 км до 30 км,"Від 3,4 км до 10 км",Від 5 км до 15 км,"Від 3,4 км до 10 км","Від 1 км до 5,6 км",Від 10 км до 20 км,D,cadef3fc7594662353b7c94387b63a926b5d92d3.pdf,3
382,domain_1,76,Як визначається першість у гірських гонках в автомобільному спорті?,за загальним складом команди,за кількістю зроблених обертів,за мінімальним часом,за оцінками від суддів,за попередніми балами,за кількістю учасників,C,41b8a1637eea9e8acb06eef16b1c2479e37e759c.pdf,60
383,domain_2,3,Який симптом прийому циклодинону свідчить про необхідність консультації з лікарем?,збільшення ваги,недостатня активність,зниження тиску,зниження апетиту,погіршення зору,набухання молочних залоз,F,7db5015ac19c3cd7bb04118b38a228b3572a358c.pdf,2
384,domain_2,5,Скільки таблеток в одній упаковці вінпоцетину?,5,4 роки,5 мг,3,10,30,F,f8e8ea2b7e82798862bc3d7b2753f2262642d889.pdf,5
385,domain_1,79,Скільки гравців у команді регбі-15?,8 гравців,7 гравців,13 гравців,11 гравців,5 гравців,15 гравців,F,759dfc8486c0f02391d7cfc1fed753b0608fc601.pdf,3
387,domain_2,16,Яка форма випуску препарату Периндоприл-Тева?,розчин для інфузій,гель,ампули,"таблетки, не вкриті оболонкою","таблетки, вкриті плівковою оболонкою",порошок для розчину,E,5ae9814fac3ba1f5048ce716f15304d3ead03823.pdf,1
388,domain_2,7,Чи можна застосовувати амоксицилін під час вагітності?,"так, без жодних обмежень","ні, це небезпечно","так, але з обережністю","так, але тільки у третьому триместрі","так, тільки після необхідного обстеження","так, тільки мінімальне дозування",C,2827fbd42bc74ef48ac74ef40b90868b94b1da79.pdf,3
390,domain_1,173,На скільки категорій поділяються учасники змагань з джиу-джитсу?,На 5 категорій,Не поділяються,На 6 категорій,На 4 категорії,На 3 категорії,На 7 категорій,F,54a634188fe502d79e2653231c8ea286636142a0.pdf,17
392,domain_1,173,За скількома системами можуть проводитися змагання з джиу-джитсу в Україні?,За 6 системами,За 2 системами,За 7 системами,За 4 системами,За 5 системами,За 3 системами,E,54a634188fe502d79e2653231c8ea286636142a0.pdf,5
393,domain_1,59,Яка максимальна довжина човнів класу С4 (каное-четвірка)?,1100 см,800 см,520 см,650 см,900 см,750 см,E,cadef3fc7594662353b7c94387b63a926b5d92d3.pdf,5
395,domain_1,76,Який вид змагань відноситься до кільцевих гонок на змаганнях з автомобільного спорту?,картинг,трофі-рейди,міні-ралі в поля,перегони на дамбах,ралі на шосе,гонки на витривалість,A,41b8a1637eea9e8acb06eef16b1c2479e37e759c.pdf,75
396,domain_2,9,Який термін придатності діареміксу?,5 років,3 роки,2 роки,6 місяців,1 рік,4 роки,C,114aa3c7890f255d1134a31a22a29caae427a6f1.pdf,8
399,domain_2,11,Яка рекомендована доза ланзоптолу для лікування активної виразки дванадцятипалої кишки?,60 мг 1 раз на добу протягом 2–4 тижнів,120 мг 1 раз на добу протягом 4 тижнів,30 мг 1 раз на добу протягом 8 тижнів,30 мг 1 раз на добу протягом 2–4 тижнів,30 мг 2 рази на добу протягом 1 тижня,50 мг 1 раз на добу протягом 6–8 тижнів,D,780fd55597cd81f1cf0d1492926ab69cfb115d89.pdf,8
401,domain_2,5,Які діючі речовини містяться в гелі Дерива С?,"саліцилова кислота, резорцин",вода очищена,мікрофлора шкіри,"метилпарагідроксибензоат, феноксіетанол","карбомер 940, пропіленгліколь","адапален, кліндаміцин",F,9d2df2f02cd5d57fe401497c3e64e47a3994112d.pdf,1
402,domain_2,6,"Який з цих симптомів є ознакою передозування кофеїном, що в складі солпадеїну?",апатія,втрата апетиту,загальна слабкість,недостатня гідратація,висипання,прискорене дихання,F,2ee44110e9b8b4b6f0e41ef9c8cc553be744551b.pdf,3
405,domain_1,59,Що таке навал у контексті веслування на байдарках?,Завершення змагань,Змагання з дітьми,Перемога учасника,Зіткнення човнів або весел учасників заїзду,Неправильне виконання технічного прийому,Успішний обгін суперника,D,cadef3fc7594662353b7c94387b63a926b5d92d3.pdf,20
407,domain_2,9,Які ліки не можна поєднувати з дифлазоном через можливі важкі аритмії?,гідрохлортіазид,рефампіцин,такролімус,варфарин,цисаприд та терфенадин,фенітоїн,E,cc340c81af3efa6ad4f864b38c4b1c497562df63.pdf,7
409,domain_2,16,"Які побічні ефекти можуть виникнути у пацієнтів, які приймають периндоприл-тева з боку дихальної системи, органів грудної клітки та середостіння?",цитолітичний або холестатичний гепатит,нудота,"кашель, задишка,
бронхоспазм, еозинофільна пневмонія, риніт.",блювання,судоми,імпотенція,C,5ae9814fac3ba1f5048ce716f15304d3ead03823.pdf,15
411,domain_1,59,Яка допомога повинна бути доступна учасникам змагань з веслування під час їх проведення?,Лише медичне обслуговування,Курси психологічної підтримки,Спеціалізоване харчування,Тільки рятувальна служба,Медичне обслуговування та рятувальна служба,Тренувальні тренери,E,cadef3fc7594662353b7c94387b63a926b5d92d3.pdf,8
412,domain_1,79,Що означає термін «у грі» на змаганнях з регбі?,гравця позначили маленькою позначкою 'X',гравець опинився ближче 10-ти метрів від суперника,"гравець перебуває в положенні, що дає можливість
брати участь у грі",гравець перетнув лінію вкидання,"удар ногою, призначений на користь невинної в порушенні команди",гравець покараний за положення «поза грою»,C,759dfc8486c0f02391d7cfc1fed753b0608fc601.pdf,43
414,domain_2,3,Які показання для застосування препарату Гастро-Гран?,Гарячка,Підвищена чутливість до компонентів лікарського засобу,"Виразкова хвороба шлунка та дванадцятипалої кишки, гастрити",Проблеми із сном,Хвороби шкіри,Загоєння ерозій,C,fb285f08989b559f0080c9dd096d3557860f919d.pdf,1
415,domain_2,3,Які особливості застосування препарату Гастро-Гран у вагітних жінок?,Рекомендується у великій дозі,Дозволений лише в першому триместрі,За рішенням лікаря,Не слід застосовувати в усіх випадках,Рекомендується приймати без обмежень,Має бути розчиненим у молоці,C,fb285f08989b559f0080c9dd096d3557860f919d.pdf,2
416,domain_2,9,Які симптоми можуть виникнути внаслідок передозування Діареміксу?,Гарячка,Пригнічення центральної нервової системи,Грибкове ураження,Висока температура,Алопеція,Депресія,B,114aa3c7890f255d1134a31a22a29caae427a6f1.pdf,8
418,domain_1,79,Яка максимальна кількість гравців у команді регбі-7?,12 гравців,7 гравців,8 гравців,15 гравців,10 гравців,6 гравців,B,759dfc8486c0f02391d7cfc1fed753b0608fc601.pdf,53
420,domain_2,2,Які основні фізико-хімічні властивості метилурацилу?,супозиторії білого кольору,таблетки круглої форми,порошок білого кольору,гель без кольору,сигари,рідина жовтого кольору,A,986dbec74e7ac870dfcf8b14337b301227c61238.pdf,1
429,domain_2,3,Які можливі побічні реакції від застосування циклодинону?,"туга, депресія",недостатня концентрація,захворювання печінки,алкоголізм,епілепсія,"головний біль, свербіж, нудота",F,7db5015ac19c3cd7bb04118b38a228b3572a358c.pdf,2
430,domain_1,79,Яка довжина м’яча дозволена у пляжному регбі?,740-770 мм на 580-620 мм,410-460 гр.,між 68 см і 70 см,довжина витягнутої руки,від 280 до 300 мм,18 мм,E,759dfc8486c0f02391d7cfc1fed753b0608fc601.pdf,55
433,domain_1,59,Чий голос є вирішальним щодо переможця змагань з веслування на байдарках і каное за відсутності фотофінішу та відеофінішу?,старшого судді,лікаря змагань,головного секретаря змагань,судді-інспектора,виконавчого директора змагань,учасників змагань,A,cadef3fc7594662353b7c94387b63a926b5d92d3.pdf,22
434,domain_2,4,Яка форма випуску препарату Інфакол?,гель,порошок,розчин для ін'єкцій,суспензія оральна,крем,таблетки,D,67bfbcbe3cfd8f845785a8664b9b73b6b4751d72.pdf,1
435,domain_1,25,Яким чином перевіряється відповідність учасників змагань з го?,Тільки за рейтингом,Під час першого туру,Перевіркою мандатної комісії,За жеребкуванням,За рішенням суддів,Особисто головним суддею,C,ac85a12a4483579ba8f51197b5c8ace05f5397e0.pdf,7
437,domain_1,89,Яка мета проведення змагань з боротьби самбо?,підвищення фінансування,забезпечення залучення інвесторів,забезпечення виграшу призів,виховання спортсменів у школах,розвиток глядацьк ої аудиторії,популяризація виду спорту серед широких верств населення,F,72e790ea927cb79b08838bcd0e290c83fd4f6e06.pdf,2
438,domain_1,59,Які змагання мають право враховуватися на залікові рейтинги команд у змаганнях з веслування?,Тільки півфінали,"Фінали A, B і C",Фінали А і В,Тільки фінал В,Попередні заїзди,Тільки фінал А,C,cadef3fc7594662353b7c94387b63a926b5d92d3.pdf,25
439,domain_1,122,Хто є відповідальним за надання медичної допомоги під час змагань зі стронгмену?,Лікар спортивних змагань,Призначений лікар,Суддя,Асистент,Тренер,Спортсмен,A,0ec2a844ab5e5f66bfff7d66dbd5b33bca34cc94.pdf,20
440,domain_2,6,"Який з цих симптомів може вказувати на передозування парацетамолом, що в складі солпадеїну?",головний біль,шкірний свербіж,підвищений тиск,нудота,сильна втома,втрата свідомості,D,2ee44110e9b8b4b6f0e41ef9c8cc553be744551b.pdf,3
441,domain_2,13,Яка максимальна доза Ретровіру для дітей з масою тіла 9-30 кг?,500 мг 2 рази на добу,400 мг 1 раз на добу,300 мг 2 рази на добу,150 мг 4 рази на добу,250 мг 3 рази на добу,100 мг 1 раз на добу,C,20e086e7585d5e496d67ed2313ceb5aa53b409b5.pdf,2
443,domain_2,4,Яка діюча речовина міститься у препараті Інфакол?,симетикон,метилпарагідроксибензоат,пропілпарагідроксибензоат,сахарин натрію,вода очищена,гідроксипропілметилцелюлоза,A,67bfbcbe3cfd8f845785a8664b9b73b6b4751d72.pdf,1
445,domain_2,6,Яка діюча речовина міститься в складі препарату Солпадеїн?,стирол,аспірин,ібупрофен,амоксицилін,"парацетамол, кофеїн, кодеїн фосфат демігідрат",лідокаїн,E,2ee44110e9b8b4b6f0e41ef9c8cc553be744551b.pdf,1
449,domain_1,122,Хто має право вносити зміни до правил спортивних змагань зі стронгмену?,Федерація стронгмену України,Спортсмени,Представники медіа,Тренери,Головна суддівська колегія,Керівництво міськради,A,0ec2a844ab5e5f66bfff7d66dbd5b33bca34cc94.pdf,2
450,domain_2,3,Яку дію чинить препарат циклодинон на рівень статевих гормонів?,негативно впливає на статеві гормони,знижує рівень прогестерону,не має жодної дії,знижує рівень тестостерону,підвищує рівень естрогенів,нормалізує рівень статевих гормонів,F,7db5015ac19c3cd7bb04118b38a228b3572a358c.pdf,1
451,domain_2,9,Яка рекомендована доза дифлазону при кандидозі слизових оболонок у дітей від 5 років?,50 мг на добу,3 мг на добу,12 мг/кг/добу,150 мг один раз на тиждень,3 мг/кг/добу,100 %,E,cc340c81af3efa6ad4f864b38c4b1c497562df63.pdf,3
452,domain_1,122,Яка максимальна градація вагових категорій для чоловіків на змаганнях зі стронгмену?,"80,01 – 95 кг",До 80 кг,До 100 кг,120 кг,"95,01 – 110 кг",Понад 110 кг,F,0ec2a844ab5e5f66bfff7d66dbd5b33bca34cc94.pdf,12
455,domain_1,173,Які засоби медичного контролю повинні бути присутніми на змаганнях з джиу-джитсу?,Лікарні з швидкої допомоги,10 лікарів на 5 татамі,Тільки санітари,Один лікар на 2 татамі,Одна медсестра на 10 татамі,Медичні поля,D,54a634188fe502d79e2653231c8ea286636142a0.pdf,33
460,domain_2,3,Який мінімальний інтервал між прийомом гастро-грану та прийомом антибіотиків?,не менше 1 години,не менше 30 хвилин,не менше 15 хвилин,не має значення,не менше 2 годин,не більше 30 хвилин,B,fb285f08989b559f0080c9dd096d3557860f919d.pdf,1
