system_name,preset,lineage,block,split,status,evidence_type,fairness_status,trust_tier,n_questions,composite_score,public_score,private_score,final_rank,local_counterpart,answer_accuracy,doc_accuracy,page_proximity,runtime_total_seconds,rerank_seconds,avg_score_delta,doc_flip_rate,page_change_rate,answer_change_rate,per_domain_score_delta,config_hash,hardware_tag,artifact_dir,notes,methodology_flags,gpu_memory_snapshots
smoke_v9_10,v9_regression,v9_regression,failure_analysis,10q,artifact_present,offline_named_preset,fair,trusted_offline,10,0.7924242424242424,,,,,0.9,0.7,0.6696969696969697,141.6139407157898,84.45775079727173,,,,,{},,,/scratch/gilbreth/tamst01/unlp2026/outputs/benchmarks/smoke_v9_10,,,[]
v9_full_dev,v9_regression,v9_regression,failure_analysis,full_dev,artifact_present,offline_named_preset,fair,trusted_offline,461,0.7433625267466104,,,,,0.8134490238611713,0.7114967462039046,0.6350553130601936,1416.7238957881927,206.2665958404541,-0.12004441654207716,0.30151843817787416,0.5336225596529284,0.15835140997830802,"{""domain_1"": -0.07018517334795306, ""domain_2"": -0.15758103309126564}",,,/scratch/gilbreth/tamst01/unlp2026/outputs/benchmarks/v9_full_dev,,,[]
candidate_lapalm_v1_fold0,candidate_lapalm_v1,candidate_lapalm_v1,model_choice,fold0,artifact_present,offline_named_preset,fair,trusted_offline,73,0.8429921513274197,,,,,0.8356164383561644,0.9178082191780822,0.7829275094192666,256.27785754203796,97.2899010181427,0.012122814711623625,0.0684931506849315,0.0958904109589041,0.1506849315068493,"{""domain_1"": 0.023288565103908542, ""domain_2"": 0.0}",020bd5a6b29349db963013bb3dfa5e2822147ba3b396686db814a1dc57284121,unknown,/scratch/gilbreth/tamst01/unlp2026/outputs/benchmarks/candidate_lapalm_v1_fold0,,,[]
candidate_stronger_reranker_v1_50,candidate_stronger_reranker_v1,candidate_stronger_reranker_v1,model_choice,50q,artifact_present,historical_confounded,not_fair,historical_only,50,0.6552640441505966,,,,,0.78,0.56,0.5010561766023863,380.3658993244171,205.15392112731934,,,,,{},,,/scratch/gilbreth/tamst01/unlp2026/outputs/benchmarks/candidate_stronger_reranker_v1_50,,Unfair reranker comparison: candidate_stronger_reranker_v1 used qwen3_4b with max_length=1024 while v7_baseline used 2048.,[]
candidate_stronger_reranker_v2_fair_50,candidate_stronger_reranker_v2_fair,candidate_stronger_reranker_v2_fair,model_choice,50q,artifact_present,offline_named_preset,fair,trusted_offline,50,0.8750663988140291,,,,,0.9,0.9,0.8002655952561162,392.26455068588257,242.6066873073578,,,,,{},f98e0a276d57959d68bc5c6b5c3a3e143651ec68b83f16dbff75fec4ee8e7ee2,a30-interactive,/scratch/gilbreth/tamst01/unlp2026/outputs/benchmarks/candidate_stronger_reranker_v2_fair_50,,,[]
candidate_stronger_reranker_v2_fair_fold0,candidate_stronger_reranker_v2_fair,candidate_stronger_reranker_v2_fair,model_choice,fold0,artifact_present,offline_named_preset,fair,trusted_offline,73,0.8483848122227506,,,,,0.8356164383561644,0.9178082191780822,0.8044981530005905,567.5150289535522,357.20685172080994,0.017515475606954593,0.136986301369863,0.136986301369863,0.0821917808219178,"{""domain_1"": 0.043359929956718536, ""domain_2"": -0.010544217687074831}",17645ce03913eecd0cfba754db34be388604f085fde836e2dc4d4d13b8d26a97,a30-interactive,/scratch/gilbreth/tamst01/unlp2026/outputs/benchmarks/candidate_stronger_reranker_v2_fair_fold0,,,[]
candidate_stronger_reranker_v2_fair_fold1,candidate_stronger_reranker_v2_fair,candidate_stronger_reranker_v2_fair,model_choice,fold1,artifact_present,offline_named_preset,fair,trusted_offline,78,0.9141153788019114,,,,,0.9358974358974359,0.9230769230769231,0.8615897203358502,543.7516701221466,342.76835083961487,0.04231416731416731,0.1794871794871795,0.1794871794871795,0.0,"{""domain_1"": 0.06660353535353535, ""domain_2"": 0.021494708994708994}",0eb2ea5dc546a9a7f7b6b9b1a85fee4c3c2fcdcfa738edc7589bb0aec83f2d97,a30-interactive,/scratch/gilbreth/tamst01/unlp2026/outputs/benchmarks/candidate_stronger_reranker_v2_fair_fold1,,,[]
candidate_stronger_reranker_v2_fair_full_dev,candidate_stronger_reranker_v2_fair,candidate_stronger_reranker_v2_fair,model_choice,full_dev,artifact_present,offline_named_preset,fair,trusted_offline,461,0.8866444215133501,,,,,0.8893709327548807,0.9370932754880694,0.830742545055567,3249.8089690208435,2130.9179015159607,0.023237478224662007,0.1279826464208243,0.21691973969631237,0.08893709327548807,"{""domain_1"": 0.022027859434145616, ""domain_2"": 0.02414814180079221}",ddd9f28957dc5456a1a41f435e165d91730018525d2e2b913292154fe8ef5aab,a30-interactive,/scratch/gilbreth/tamst01/unlp2026/outputs/benchmarks/candidate_stronger_reranker_v2_fair_full_dev,,,[]
candidate_stronger_reranker_v2_fair_lockbox,candidate_stronger_reranker_v2_fair,candidate_stronger_reranker_v2_fair,model_choice,lockbox,artifact_present,offline_named_preset,fair,trusted_offline,95,0.9254090672225118,,,,,0.9263157894736842,0.9789473684210527,0.8700573215216258,714.0430836677551,460.6419312953949,0.03772624630884141,0.08421052631578947,0.12631578947368421,0.09473684210526316,"{""domain_1"": 0.004183591436066685, ""domain_2"": 0.06108630952380952}",0a40352abcc1c32f9f01d1f364d3ebdc652be3e169912bf430640fa7728350ba,a30-interactive,/scratch/gilbreth/tamst01/unlp2026/outputs/benchmarks/candidate_stronger_reranker_v2_fair_lockbox,,,[]
1pass_fold0,v7_baseline,v7_baseline,prompt_answering,fold0,artifact_present,offline_override,override,traceable_override,73,0.830869336615796,,,,,0.8493150684931506,0.8767123287671232,0.7481348807097585,308.91624307632446,100.52870011329651,0.0,0.0,0.0,0.0136986301369863,"{""domain_1"": 0.0, ""domain_2"": 0.0}",e2c87411d8f299c6c200583938701e2d10d6c6b5a4ec45cfc63a4516d5d97a3d,a30,/scratch/gilbreth/tamst01/unlp2026/outputs/benchmarks/1pass_fold0,,Traceable override run: benchmark_manifest.json preserves override_json.,[]
1pass_fold1,v7_baseline,v7_baseline,prompt_answering,fold1,artifact_present,offline_override,override,traceable_override,78,0.8689731571891016,,,,,0.9358974358974359,0.8333333333333334,0.7707644236282005,301.9703838825226,94.43731927871704,-0.002828054298642534,0.0,0.02564102564102564,0.02564102564102564,"{""domain_1"": 0.0, ""domain_2"": -0.005252100840336134}",e78649be5c406be02efbd2ee6acde6bc02f3c2f137e2042537035d2b64e848ba,a30,/scratch/gilbreth/tamst01/unlp2026/outputs/benchmarks/1pass_fold1,,Traceable override run: benchmark_manifest.json preserves override_json.,[]
5pass_fold0,v7_baseline,v7_baseline,prompt_answering,fold0,artifact_present,offline_override,override,traceable_override,73,0.830869336615796,,,,,0.8493150684931506,0.8767123287671232,0.7481348807097585,326.6203224658966,100.55885028839111,0.0,0.0,0.0,0.0136986301369863,"{""domain_1"": 0.0, ""domain_2"": 0.0}",12502671bf489fc01e44eb01da18d8ddd89dcf7899241ce29132ebf5b70012d8,a30,/scratch/gilbreth/tamst01/unlp2026/outputs/benchmarks/5pass_fold0,,Traceable override run: benchmark_manifest.json preserves override_json.,[]
7pass_fold0,v7_baseline,v7_baseline,prompt_answering,fold0,artifact_present,offline_override,override,traceable_override,73,0.830869336615796,,,,,0.8493150684931506,0.8767123287671232,0.7481348807097585,521.2080914974213,241.76229119300842,0.0,0.0,0.0,0.0136986301369863,"{""domain_1"": 0.0, ""domain_2"": 0.0}",550f72d0809cec12ec51522afc9fd56490a62c4477c75aec67cd8efcb624b39f,a30,/scratch/gilbreth/tamst01/unlp2026/outputs/benchmarks/7pass_fold0,,Traceable override run: benchmark_manifest.json preserves override_json.,[]
candidate_chat_tmpl_v1_fold0,candidate_chat_template_v1,candidate_chat_template_v1,prompt_answering,fold0,artifact_present,offline_named_preset,fair,trusted_offline,73,0.8501660886731703,,,,,0.8493150684931506,0.9178082191780822,0.7842259985282967,372.04798102378845,118.00750255584717,0.0192967520573743,0.0684931506849315,0.0684931506849315,0.0547945205479452,"{""domain_1"": 0.023912181583903264, ""domain_2"": 0.014285714285714285}",afa1e16525103e575b117e3d1bc474eb755fa8c847456fbc2d80653b0704f6e4,unknown,/scratch/gilbreth/tamst01/unlp2026/outputs/benchmarks/candidate_chat_tmpl_v1_fold0,,,[]
candidate_chat_tmpl_v1_fold1,candidate_chat_template_v1,candidate_chat_template_v1,prompt_answering,fold1,artifact_present,offline_named_preset,fair,trusted_offline,78,0.8740722247881693,,,,,0.8846153846153846,0.8974358974358975,0.8296222324860094,332.35362339019775,93.39106917381287,0.002271013300425065,0.0641025641025641,0.08974358974358974,0.10256410256410256,"{""domain_1"": 0.052714646464646464, ""domain_2"": -0.04096638655462185}",82da19de0f84297d2b7dae5fe9da246bdb34587db67943f9be1e633b51ebfdcb,unknown,/scratch/gilbreth/tamst01/unlp2026/outputs/benchmarks/candidate_chat_tmpl_v1_fold1,,,[]
candidate_chat_tmpl_v2_fold0,candidate_chat_template_v2,candidate_chat_template_v2,prompt_answering,fold0,artifact_present,offline_named_preset,fair,trusted_offline,73,0.851814997856326,,,,,0.8493150684931506,0.9178082191780822,0.7908216352609198,302.58116817474365,96.91912937164307,0.020945661240530062,0.0684931506849315,0.0821917808219178,0.0821917808219178,"{""domain_1"": 0.053395612383123535, ""domain_2"": -0.014285714285714285}",81c2bbe262613431bb2c0d766c0c25cdc2c3eb97cebcde02714e969775a3f8e1,unknown,/scratch/gilbreth/tamst01/unlp2026/outputs/benchmarks/candidate_chat_tmpl_v2_fold0,,,[]
candidate_chat_tmpl_v2_fold1,candidate_chat_template_v2,candidate_chat_template_v2,prompt_answering,fold1,artifact_present,offline_named_preset,fair,trusted_offline,78,0.8933029940189385,,,,,0.9230769230769231,0.8974358974358975,0.8296222324860094,296.64406633377075,93.43910574913025,0.021501782531194297,0.0641025641025641,0.08974358974358974,0.0641025641025641,"{""domain_1"": 0.06660353535353535, ""domain_2"": -0.01715686274509804}",78d1d876f7a81b9097f554802495b9ece62eb5cb0e86246690a41cbddc62b9fb,unknown,/scratch/gilbreth/tamst01/unlp2026/outputs/benchmarks/candidate_chat_tmpl_v2_fold1,,,[]
candidate_v5_refocus_v1_full_dev,candidate_v5_refocus_v1,candidate_v5_refocus_v1,prompt_answering,full_dev,artifact_present,offline_named_preset,fair,trusted_offline,461,0.8637336984188643,,,,,0.89587852494577,0.8828633405639913,0.780314403219924,1686.2120995521545,569.1907925605774,0.00032675513017636147,0.06290672451193059,0.1648590021691974,0.0824295010845987,"{""domain_1"": -0.015546285954214594, ""domain_2"": 0.012276801269755867}",03062bbd77c0787d5d579bcbb152d001522483a4b1fd120428ad476b2c1c461c,a30-paper-r2,/scratch/gilbreth/tamst01/unlp2026/outputs/paper_ablation_runs_r2/2026-03-31_a30/candidate_v5_refocus_v1_full_dev,,,[]
candidate_v5refocus_reranker4b_fair_fold0,candidate_v5refocus_reranker4b_fair,candidate_v5refocus_reranker4b_fair,prompt_answering,fold0,artifact_present,offline_named_preset,fair,trusted_offline,73,0.8483848122227506,,,,,0.8356164383561644,0.9178082191780822,0.8044981530005905,891.2581825256348,614.5407619476318,0.017515475606954593,0.136986301369863,0.136986301369863,0.0958904109589041,"{""domain_1"": 0.05651782469356065, ""domain_2"": -0.024829931972789116}",7623255b201a6e1815f0c9e2789f4085d57f255dc87fb999feaffd4990225e01,a30-paper,/scratch/gilbreth/tamst01/unlp2026/outputs/paper_ablation_runs/candidate_v5refocus_reranker4b_fair_fold0,,,[]
candidate_v5refocus_reranker4b_fair_fold0,candidate_v5refocus_reranker4b_fair,candidate_v5refocus_reranker4b_fair,prompt_answering,fold0,artifact_present,offline_named_preset,fair,trusted_offline,73,0.8483848122227506,,,,,0.8356164383561644,0.9178082191780822,0.8044981530005905,561.1276631355286,355.68083810806274,0.017515475606954593,0.136986301369863,0.136986301369863,0.0958904109589041,"{""domain_1"": 0.05651782469356065, ""domain_2"": -0.024829931972789116}",e84139009656e3376ca92d71c269d0005816c923addb19a93dd2a73fc82d2816,a30-paper-r2,/scratch/gilbreth/tamst01/unlp2026/outputs/paper_ablation_runs_r2/2026-03-31_a30/candidate_v5refocus_reranker4b_fair_fold0,,,[]
candidate_v5refocus_reranker4b_fair_fold0_smoke,candidate_v5refocus_reranker4b_fair,candidate_v5refocus_reranker4b_fair,prompt_answering,fold0,artifact_present,offline_named_preset,fair,trusted_offline,1,0.9722222222222222,,,,,1.0,1.0,0.8888888888888888,256.07992696762085,225.02961778640747,0.0,0.0,0.0,0.0,"{""domain_2"": 0.0}",3fce5b81e86d93a4f19534472ed1b9a5ceb60f3c115d210d825162f3f15d5b67,a30-paper-r2,/scratch/gilbreth/tamst01/unlp2026/outputs/paper_ablation_runs_r2/2026-03-31_a30/candidate_v5refocus_reranker4b_fair_fold0_smoke,,,[]
candidate_v5refocus_reranker4b_fair_fold1,candidate_v5refocus_reranker4b_fair,candidate_v5refocus_reranker4b_fair,prompt_answering,fold1,artifact_present,offline_named_preset,fair,trusted_offline,78,0.9305180937340384,,,,,0.9743589743589743,0.9230769230769231,0.8502775031412801,809.1121866703033,581.4413418769836,0.058716882246294004,0.1794871794871795,0.19230769230769232,0.05128205128205128,"{""domain_1"": 0.09438131313131312, ""domain_2"": 0.02814737005913476}",464cc3ee22b5f684e57ce62fe20d929b1b63a9fcecb96b0bed7b6530dc655a45,a30-paper,/scratch/gilbreth/tamst01/unlp2026/outputs/paper_ablation_runs/candidate_v5refocus_reranker4b_fair_fold1,,,[]
candidate_v5refocus_reranker4b_fair_fold1,candidate_v5refocus_reranker4b_fair,candidate_v5refocus_reranker4b_fair,prompt_answering,fold1,artifact_present,offline_named_preset,fair,trusted_offline,78,0.9305180937340384,,,,,0.9743589743589743,0.9230769230769231,0.8502775031412801,663.3707315921783,455.1018657684326,0.058716882246294004,0.1794871794871795,0.19230769230769232,0.05128205128205128,"{""domain_1"": 0.09438131313131312, ""domain_2"": 0.02814737005913476}",9f4f6d22fd376bd159efc570c64498694767a7706f701c16c357519fcb42d746,a30-paper-r2,/scratch/gilbreth/tamst01/unlp2026/outputs/paper_ablation_runs_r2/2026-03-31_a30/candidate_v5refocus_reranker4b_fair_fold1,,,[]
ctx5_fold0,v7_baseline,v7_baseline,prompt_answering,fold0,artifact_present,offline_override,override,traceable_override,73,0.8325182457989517,,,,,0.8493150684931506,0.8767123287671232,0.7547305174423815,532.5098414421082,232.63021874427795,0.0016489091831557582,0.0,0.0136986301369863,0.0410958904109589,"{""domain_1"": 0.0031676413255360618, ""domain_2"": 0.0}",73754ddcfb38821b1c2743b1d6aa9ebefacad9c2ad63fbd3dd2a81eef48feb6f,a30,/scratch/gilbreth/tamst01/unlp2026/outputs/benchmarks/ctx5_fold0,,"Traceable override run: benchmark_manifest.json preserves override_json.; Recorded as v7_baseline plus override_json in benchmark_manifest.json; interpret as an override experiment, not an original named preset.",[]
ctx5_fold1,v7_baseline,v7_baseline,prompt_answering,fold1,artifact_present,offline_override,override,traceable_override,78,0.8589806986672313,,,,,0.9102564102564102,0.8333333333333334,0.7820766408227707,339.69679832458496,92.57141017913818,-0.01282051282051282,0.0,0.0,0.0641025641025641,"{""domain_1"": 0.0, ""domain_2"": -0.023809523809523808}",a9d2888e923b677cd9d692be302fdb21f0590b144bced679ac8cc50010321245,a30,/scratch/gilbreth/tamst01/unlp2026/outputs/benchmarks/ctx5_fold1,,"Traceable override run: benchmark_manifest.json preserves override_json.; Recorded as v7_baseline plus override_json in benchmark_manifest.json; interpret as an override experiment, not an original named preset.",[]
dual_ctx_fold0,v7_baseline,v7_baseline,prompt_answering,fold0,artifact_present,offline_override,override,traceable_override,73,0.8393675608674448,,,,,0.863013698630137,0.8767123287671232,0.7547305174423815,466.99527382850647,101.69806218147278,0.008498224251648909,0.0,0.0136986301369863,0.0136986301369863,"{""domain_1"": 0.016325536062378167, ""domain_2"": 0.0}",ef827be8366131e3fb8ed5de5c629207ccd8d5463cbe6f5200fc7f97adceb116,a30,/scratch/gilbreth/tamst01/unlp2026/outputs/benchmarks/dual_ctx_fold0,,"Traceable override run: benchmark_manifest.json preserves override_json.; Recorded as v7_baseline plus override_json in benchmark_manifest.json; interpret as an override experiment, not an original named preset.",[]
dual_ctx_fold1,v7_baseline,v7_baseline,prompt_answering,fold1,artifact_present,offline_override,override,traceable_override,78,0.8625629007788452,,,,,0.9230769230769231,0.8333333333333334,0.7707644236282005,587.2827959060669,196.95939588546753,-0.009238310708898944,0.0,0.02564102564102564,0.038461538461538464,"{""domain_1"": 0.0, ""domain_2"": -0.01715686274509804}",d349f64e83e9c2f77a3c1811d931ce645c7b1a3747aa7e08847a4f1116e56091,a30,/scratch/gilbreth/tamst01/unlp2026/outputs/benchmarks/dual_ctx_fold1,,"Traceable override run: benchmark_manifest.json preserves override_json.; Recorded as v7_baseline plus override_json in benchmark_manifest.json; interpret as an override experiment, not an original named preset.",[]
v5refocus_fold0,v7_baseline,v7_baseline,prompt_answering,fold0,artifact_present,offline_override,override,traceable_override,73,0.8325182457989517,,,,,0.8493150684931506,0.8767123287671232,0.7547305174423815,301.91268038749695,97.56507587432861,0.0016489091831557597,0.0,0.0136986301369863,0.0684931506849315,"{""domain_1"": -0.009990253411306042, ""domain_2"": 0.014285714285714285}",8d17e8acd5b0bb2ff37c663b926b9a3eed3dce552bfacf6b7b0b06d6ffa96524,a30,/scratch/gilbreth/tamst01/unlp2026/outputs/benchmarks/v5refocus_fold0,,"Traceable override run: benchmark_manifest.json preserves override_json.; Recorded as v7_baseline plus override_json in benchmark_manifest.json; interpret as an override experiment, not an original named preset.",[]
v5refocus_fold1,v7_baseline,v7_baseline,prompt_answering,fold1,artifact_present,offline_override,override,traceable_override,78,0.8754255863388993,,,,,0.9487179487179487,0.8333333333333334,0.7709331145863653,294.9901511669159,93.01883673667908,0.0036243748511550367,0.0,0.02564102564102564,0.0641025641025641,"{""domain_1"": 9.137426900584746e-05, ""domain_2"": 0.00665266106442577}",9899d305b0da257cbc7fa2e2e83d3910b32a2f480ff2bcaa333af0a6b5985a25,a30,/scratch/gilbreth/tamst01/unlp2026/outputs/benchmarks/v5refocus_fold1,,"Traceable override run: benchmark_manifest.json preserves override_json.; Recorded as v7_baseline plus override_json in benchmark_manifest.json; interpret as an override experiment, not an original named preset.",[]
v5refocus_lockbox,v7_baseline,v7_baseline,prompt_answering,lockbox,artifact_present,offline_override,override,traceable_override,95,0.9032968560013895,,,,,0.9263157894736842,0.9368421052631579,0.8237137397950322,376.7067370414734,124.72336006164551,0.015614035087719299,0.0,0.021052631578947368,0.042105263157894736,"{""domain_1"": 0.0, ""domain_2"": 0.026488095238095238}",a16d58fb3a8ed954ff446940c9ddc925c4a47c31d16cc2536d2e176b1b73df27,a30,/scratch/gilbreth/tamst01/unlp2026/outputs/benchmarks/v5refocus_lockbox,,"Traceable override run: benchmark_manifest.json preserves override_json.; Recorded as v7_baseline plus override_json in benchmark_manifest.json; interpret as an override experiment, not an original named preset.",[]
_smoke_a30_dense_margin_fold0,candidate_dense_margin_lock_v1,candidate_dense_margin_lock_v1,retrieval_doc_stability,fold0,artifact_present,offline_named_preset,fair,trusted_offline,1,0.9722222222222222,,,,,1.0,1.0,0.8888888888888888,53.58992648124695,8.39972996711731,0.0,0.0,0.0,0.0,"{""domain_2"": 0.0}",473a4afda66c80a014f1fc57695d414a22a9dbf8a1a3dfc995cbcf4af8ee6177,a30-paper-smoke,/scratch/gilbreth/tamst01/unlp2026/outputs/paper_ablation_runs/_smoke_a30_dense_margin_fold0,,,[]
candidate_ddl_v1_fold0,candidate_dense_doc_lock_v1,candidate_dense_doc_lock_v1,retrieval_doc_stability,fold0,artifact_present,offline_named_preset,fair,trusted_offline,73,0.8183113376403371,,,,,0.8082191780821918,0.8904109589041096,0.7663960354928543,466.4040095806122,131.8630702495575,-0.012557998975458926,0.1780821917808219,0.1506849315068493,0.0821917808219178,"{""domain_1"": 0.03707007632074537, ""domain_2"": -0.06643990929705217}",7af9f25351275fb5f7101175af1e7fb169581614ca222683da7f4aebd5a0127a,unknown,/scratch/gilbreth/tamst01/unlp2026/outputs/benchmarks/candidate_ddl_v1_fold0,,,[]
candidate_ddl_v2_fold0,candidate_dense_doc_lock_v2,candidate_dense_doc_lock_v2,retrieval_doc_stability,fold0,artifact_present,offline_named_preset,fair,trusted_offline,73,0.8501660886731703,,,,,0.8493150684931506,0.9178082191780822,0.7842259985282967,305.07423186302185,97.30467510223389,0.0192967520573743,0.0684931506849315,0.0684931506849315,0.0,"{""domain_1"": 0.03707007632074537, ""domain_2"": 0.0}",0c1f313564615bae1160f6a1594ab51e71ee795d56e4edafd72385e97de9244a,unknown,/scratch/gilbreth/tamst01/unlp2026/outputs/benchmarks/candidate_ddl_v2_fold0,,,[]
candidate_ddl_v2_fold1,candidate_dense_doc_lock_v2,candidate_dense_doc_lock_v2,retrieval_doc_stability,fold1,artifact_present,offline_named_preset,fair,trusted_offline,78,0.8982678004543331,,,,,0.9358974358974359,0.8846153846153846,0.8366609454070751,299.7394423484802,93.18668413162231,0.026466588966588968,0.07692307692307693,0.07692307692307693,0.0,"{""domain_1"": 0.06660353535353535, ""domain_2"": -0.007936507936507938}",e11ee45bad307ffff44a3c90486c771019d8f8b60b17332f7615ec1f31dbe8cd,unknown,/scratch/gilbreth/tamst01/unlp2026/outputs/benchmarks/candidate_ddl_v2_fold1,,,[]
candidate_ddl_v2_fulldev,candidate_dense_doc_lock_v2,candidate_dense_doc_lock_v2,retrieval_doc_stability,full_dev,artifact_present,offline_named_preset,fair,trusted_offline,461,0.8810914800982564,,,,,0.8937093275488069,0.9197396963123644,0.8172075689830447,1813.286212682724,584.8268148899078,0.017684536809568253,0.06941431670281996,0.1648590021691974,0.049891540130151846,"{""domain_1"": 0.04146055253500929, ""domain_2"": -0.00021527731072575542}",65a22cbfbf90e78818cc161ae5d4259918a24afa82bcc073854ed5c785f4e813,unknown,/scratch/gilbreth/tamst01/unlp2026/outputs/benchmarks/candidate_ddl_v2_fulldev,,,[]
candidate_ddl_v2_lockbox,candidate_dense_doc_lock_v2,candidate_dense_doc_lock_v2,retrieval_doc_stability,lockbox,artifact_present,offline_named_preset,fair,trusted_offline,95,0.8880117682820913,,,,,0.8947368421052632,0.9368421052631579,0.8257312836546812,382.9518897533417,125.44595527648926,0.0003289473684210526,0.021052631578947368,0.021052631578947368,0.0,"{""domain_1"": 0.01282051282051282, ""domain_2"": -0.008370535714285714}",22bff6a9274353773a7eec92e76f107886cfc0e2c8042c83a1b5f46a77ea9914,unknown,/scratch/gilbreth/tamst01/unlp2026/outputs/benchmarks/candidate_ddl_v2_lockbox,,,[]
candidate_ddl_v3_fold0,candidate_dense_doc_lock_v3,candidate_dense_doc_lock_v3,retrieval_doc_stability,fold0,artifact_present,offline_named_preset,fair,trusted_offline,73,0.8501660886731703,,,,,0.8493150684931506,0.9178082191780822,0.7842259985282967,305.86627745628357,97.67031621932983,0.0192967520573743,0.0684931506849315,0.0684931506849315,0.0,"{""domain_1"": 0.03707007632074537, ""domain_2"": 0.0}",d1972f94e76cf1dc12b94b4fcfb83277269459d7056e1b43f962cb38d59b81c2,unknown,/scratch/gilbreth/tamst01/unlp2026/outputs/benchmarks/candidate_ddl_v3_fold0,,,[]
candidate_ddl_v3_fold1,candidate_dense_doc_lock_v3,candidate_dense_doc_lock_v3,retrieval_doc_stability,fold1,artifact_present,offline_named_preset,fair,trusted_offline,78,0.9025413047278374,,,,,0.9358974358974359,0.8974358974358975,0.8409344496805795,335.855037689209,122.50259780883789,0.030740093240093237,0.0641025641025641,0.0641025641025641,0.0,"{""domain_1"": 0.06660353535353535, ""domain_2"": 0.0}",cf6da9ff204ef3fa2c430ff1c3b94c43ca859145621322f4eadf2619d408546e,unknown,/scratch/gilbreth/tamst01/unlp2026/outputs/benchmarks/candidate_ddl_v3_fold1,,,[]
candidate_ddl_v3_fulldev,candidate_dense_doc_lock_v3,candidate_dense_doc_lock_v3,retrieval_doc_stability,full_dev,artifact_present,offline_named_preset,fair,trusted_offline,461,0.8811827671553786,,,,,0.8937093275488069,0.9197396963123644,0.8175727172115334,1702.804037809372,578.9939336776733,0.017775823866690455,0.06941431670281996,0.16702819956616052,0.049891540130151846,"{""domain_1"": 0.03509691617137292, ""domain_2"": 0.004735609888260304}",0d33c0153be2476ff4e11e0ffb95428929d99f0a77d49841cb99922bf1b0c35d,unknown,/scratch/gilbreth/tamst01/unlp2026/outputs/benchmarks/candidate_ddl_v3_fulldev,,,[]
candidate_ddl_v3_lockbox,candidate_dense_doc_lock_v3,candidate_dense_doc_lock_v3,retrieval_doc_stability,lockbox,artifact_present,offline_named_preset,fair,trusted_offline,95,0.8929459788084071,,,,,0.8947368421052632,0.9473684210526315,0.8349418099704706,381.9593379497528,125.42485117912292,0.005263157894736842,0.010526315789473684,0.010526315789473684,0.0,"{""domain_1"": 0.01282051282051282, ""domain_2"": 0.0}",f10d21962a02b4b306fe0c6d62bba21907ada031bcc758b42dc16420582f6e03,unknown,/scratch/gilbreth/tamst01/unlp2026/outputs/benchmarks/candidate_ddl_v3_lockbox,,,[]
candidate_dense_margin_lock_v1_fold0,candidate_dense_margin_lock_v1,candidate_dense_margin_lock_v1,retrieval_doc_stability,fold0,artifact_present,offline_named_preset,fair,trusted_offline,73,0.830869336615796,,,,,0.8493150684931506,0.8767123287671232,0.7481348807097585,340.9520285129547,119.3855504989624,0.0,0.0,0.0,0.0,"{""domain_1"": 0.0, ""domain_2"": 0.0}",30e61789795bc99e1712b2674fcc57b7afdc831342d48d5c500870ab446b6fad,a30-paper,/scratch/gilbreth/tamst01/unlp2026/outputs/paper_ablation_runs/candidate_dense_margin_lock_v1_fold0,,,[]
candidate_dense_margin_lock_v1_fold1,candidate_dense_margin_lock_v1,candidate_dense_margin_lock_v1,retrieval_doc_stability,fold1,artifact_present,offline_named_preset,fair,trusted_offline,78,0.8718012114877441,,,,,0.9358974358974359,0.8333333333333334,0.7820766408227707,437.00590658187866,218.61524891853333,0.0,0.0,0.0,0.0,"{""domain_1"": 0.0, ""domain_2"": 0.0}",32828ae85f1a242f646004b43e5743049c783378ff67806c41610c1822a5aa3a,a30-job10490844,/scratch/gilbreth/tamst01/unlp2026/outputs/benchmarks/candidate_dense_margin_lock_v1_fold1,,Historical pre-audit evidence covered only fold1; later paper reruns completed the full ladder.,[]
candidate_dense_margin_lock_v1_fold1,candidate_dense_margin_lock_v1,candidate_dense_margin_lock_v1,retrieval_doc_stability,fold1,artifact_present,offline_named_preset,fair,trusted_offline,78,0.8718012114877441,,,,,0.9358974358974359,0.8333333333333334,0.7820766408227707,297.30065083503723,92.46399807929993,0.0,0.0,0.0,0.0,"{""domain_1"": 0.0, ""domain_2"": 0.0}",b1e46e4cea359238a1c147bf011ba58893b48384d1ffe067bf8db9dc17fe4fae,a30-paper,/scratch/gilbreth/tamst01/unlp2026/outputs/paper_ablation_runs/candidate_dense_margin_lock_v1_fold1,,,[]
candidate_dense_margin_lock_v1_full_dev,candidate_dense_margin_lock_v1,candidate_dense_margin_lock_v1,retrieval_doc_stability,full_dev,artifact_present,offline_named_preset,fair,trusted_offline,461,0.8610999863979284,,,,,0.8893709327548807,0.8828633405639913,0.7827947395179589,1760.2383251190186,583.1482207775116,-0.0023069568907596203,0.06290672451193059,0.15835140997830802,0.049891540130151846,"{""domain_1"": -0.011661477410366893, ""domain_2"": 0.004735609888260304}",09aaa642b455e4cf10d2c37d2d9a1f8cbf20eedf277c921ffa023c19c0e4dba3,a30-paper,/scratch/gilbreth/tamst01/unlp2026/outputs/paper_ablation_runs/candidate_dense_margin_lock_v1_full_dev,,,[]
candidate_dense_margin_lock_v1_lockbox,candidate_dense_margin_lock_v1,candidate_dense_margin_lock_v1,retrieval_doc_stability,lockbox,artifact_present,offline_named_preset,fair,trusted_offline,95,0.8876828209136702,,,,,0.8947368421052632,0.9368421052631579,0.824415494180997,382.5235686302185,125.14891266822815,0.0,0.0,0.0,0.0,"{""domain_1"": 0.0, ""domain_2"": 0.0}",3a4cf7430cdeb1400e2b425300e829a7966ef125c4814faf6695d8ff35c4ea1f,a30-paper,/scratch/gilbreth/tamst01/unlp2026/outputs/paper_ablation_runs/candidate_dense_margin_lock_v1_lockbox,,,[]
candidate_dense_margin_lock_v1_thresh020_fold1,candidate_dense_margin_lock_v1,candidate_dense_margin_lock_v1,retrieval_doc_stability,fold1,artifact_present,offline_override,override,traceable_override,78,0.8718012114877441,,,,,0.9358974358974359,0.8333333333333334,0.7820766408227707,290.40569734573364,91.08918976783752,0.0,0.0,0.0,0.0,"{""domain_1"": 0.0, ""domain_2"": 0.0}",6b6e7880940f0de0a48a0635c44379f8a7c0f5468ef50eabd7165c1497a81917,a30-job10490844,/scratch/gilbreth/tamst01/unlp2026/outputs/benchmarks/candidate_dense_margin_lock_v1_thresh020_fold1,,Traceable override run: benchmark_manifest.json preserves override_json.; Historical pre-audit evidence covered only fold1; later paper reruns completed the full ladder.,[]
candidate_dense_margin_lock_v1_thresh030_fold1,candidate_dense_margin_lock_v1,candidate_dense_margin_lock_v1,retrieval_doc_stability,fold1,artifact_present,offline_override,override,traceable_override,78,0.8718012114877441,,,,,0.9358974358974359,0.8333333333333334,0.7820766408227707,292.16513752937317,91.67246747016907,0.0,0.0,0.0,0.0,"{""domain_1"": 0.0, ""domain_2"": 0.0}",4005133cac6f77028023c726fabe5f84a5a9805f961606b881c5dc69ada56aca,a30-job10490844,/scratch/gilbreth/tamst01/unlp2026/outputs/benchmarks/candidate_dense_margin_lock_v1_thresh030_fold1,,Traceable override run: benchmark_manifest.json preserves override_json.; Historical pre-audit evidence covered only fold1; later paper reruns completed the full ladder.,[]
candidate_extraction_blocks_v1_fold0,candidate_extraction_blocks_v1,candidate_extraction_blocks_v1,retrieval_doc_stability,fold0,artifact_present,offline_named_preset,fair,trusted_offline,73,0.8174931789396616,,,,,0.821917808219178,0.8767123287671232,0.7494247705531658,393.38923597335815,98.80805993080139,-0.013376157676134459,0.0273972602739726,0.0821917808219178,0.0547945205479452,"{""domain_1"": -0.02642729705619982, ""domain_2"": 0.0007936507936507925}",5938d81dda600b95323aad5e74fbf9c9c34cb93d6113c471724da88e56a06cc7,a30-standby,/scratch/gilbreth/tamst01/unlp2026/outputs/benchmarks/candidate_extraction_blocks_v1_fold0,,,[]
candidate_hybrid_rrf_v1_fold0,candidate_hybrid_rrf_v1,candidate_hybrid_rrf_v1,retrieval_doc_stability,fold0,artifact_present,offline_named_preset,fair,trusted_offline,73,0.8210210276613807,,,,,0.8767123287671232,0.821917808219178,0.7087416448920975,301.62118697166443,95.96453595161438,-0.009848308954415293,0.0547945205479452,0.0684931506849315,0.0684931506849315,"{""domain_1"": -0.023305084745762712, ""domain_2"": 0.004761904761904758}",6f71efbca75892694f0646e45e30abf3f4d5b6f3c8ac63156bad77598925f5e3,a30-standby,/scratch/gilbreth/tamst01/unlp2026/outputs/benchmarks/candidate_hybrid_rrf_v1_fold0,,,[]
candidate_locked_top_doc_v1_50,candidate_locked_top_doc_v1,candidate_locked_top_doc_v1,retrieval_doc_stability,50q,artifact_present,offline_named_preset,fair,trusted_offline,50,0.8672935431386309,,,,,0.9,0.88,0.789174172554524,239.1316204071045,91.7830879688263,,,,,{},,,/scratch/gilbreth/tamst01/unlp2026/outputs/benchmarks/candidate_locked_top_doc_v1_50,,,[]
candidate_locked_top_doc_v1_fold0,candidate_locked_top_doc_v1,candidate_locked_top_doc_v1,retrieval_doc_stability,fold0,artifact_present,offline_named_preset,fair,trusted_offline,73,0.8320108891272116,,,,,0.8493150684931506,0.8767123287671232,0.7527010907554207,300.57553720474243,95.69753766059875,0.0011415525114155248,0.0,0.0273972602739726,0.0,"{""domain_1"": 0.0, ""domain_2"": 0.0023809523809523803}",7519304e91e43ea4a2a871161efe540dd878763f3cc8a6f29c19269738bc74e9,a30-standby,/scratch/gilbreth/tamst01/unlp2026/outputs/benchmarks/candidate_locked_top_doc_v1_fold0,,,[]
candidate_locked_top_doc_v1_fold1,candidate_locked_top_doc_v1,candidate_locked_top_doc_v1,retrieval_doc_stability,fold1,artifact_present,offline_named_preset,fair,trusted_offline,78,0.8723353995219322,,,,,0.9358974358974359,0.8333333333333334,0.7842133929595229,293.8206572532654,90.91232013702393,0.0005341880341880337,0.0,0.038461538461538464,0.0,"{""domain_1"": 0.0, ""domain_2"": 0.0009920634920634911}",c6a7a5a54ded8549168bcc2c09c31cd63155fa160853bf9f8300538cd9609263,a30-standby,/scratch/gilbreth/tamst01/unlp2026/outputs/benchmarks/candidate_locked_top_doc_v1_fold1,,,[]
candidate_locked_top_doc_v1_lockbox,candidate_locked_top_doc_v1,candidate_locked_top_doc_v1,retrieval_doc_stability,lockbox,artifact_present,offline_named_preset,fair,trusted_offline,95,0.8873538735452492,,,,,0.8947368421052632,0.9368421052631579,0.8230997047073128,379.4398863315582,123.08727073669434,-0.0003289473684210526,0.0,0.021052631578947368,0.0,"{""domain_1"": 0.0, ""domain_2"": -0.0005580357142857143}",3be56c86f9246e91325eacc37e94bc4e4692c20a6e56cdb6105a610bdb578c07,a30-standby,/scratch/gilbreth/tamst01/unlp2026/outputs/benchmarks/candidate_locked_top_doc_v1_lockbox,,,[]
candidate_sc_v3_fold0,candidate_structure_chunks_v3_short_doc,candidate_structure_chunks_v3_short_doc,retrieval_doc_stability,fold0,artifact_present,offline_named_preset,fair,trusted_offline,73,0.8011889713189924,,,,,0.8493150684931506,0.8082191780821918,0.6979065702074755,363.9661343097687,108.34358167648315,-0.029680365296803658,0.0684931506849315,0.0684931506849315,0.0273972602739726,"{""domain_1"": 0.0, ""domain_2"": -0.061904761904761914}",a670295536b0674b168a9efe67982d337ef8b9ed6ebff8fe5da1e46627d102ad,unknown,/scratch/gilbreth/tamst01/unlp2026/outputs/benchmarks/candidate_sc_v3_fold0,,,[]
candidate_sc_v3_fold0_r2,candidate_structure_chunks_v3_short_doc,candidate_structure_chunks_v3_short_doc,retrieval_doc_stability,fold0,artifact_present,offline_named_preset,fair,trusted_offline,73,0.8194538115016408,,,,,0.8493150684931506,0.8493150684931506,0.7298700405271101,376.2577760219574,138.38629126548767,-0.011415525114155254,0.0273972602739726,0.0273972602739726,0.0136986301369863,"{""domain_1"": 0.0, ""domain_2"": -0.023809523809523815}",c38ca10f4f2aadd1bf9ca9d3b5e95b378658d8f81613a916c813b69252b5b21f,unknown,/scratch/gilbreth/tamst01/unlp2026/outputs/benchmarks/candidate_sc_v3_fold0_r2,,,[]
candidate_sc_v3_fold0_r3,candidate_structure_chunks_v3_short_doc,candidate_structure_chunks_v3_short_doc,retrieval_doc_stability,fold0,artifact_present,offline_named_preset,fair,trusted_offline,73,0.830869336615796,,,,,0.8493150684931506,0.8767123287671232,0.7481348807097585,315.90869998931885,96.76961350440979,0.0,0.0,0.0,0.0136986301369863,"{""domain_1"": 0.0, ""domain_2"": 0.0}",a79fb628ff38387fb46ff84b03e621670a714af148cd520f8b0bd4ef82645591,unknown,/scratch/gilbreth/tamst01/unlp2026/outputs/benchmarks/candidate_sc_v3_fold0_r3,,,[]
candidate_sc_v3_fold1,candidate_structure_chunks_v3_short_doc,candidate_structure_chunks_v3_short_doc,retrieval_doc_stability,fold1,artifact_present,offline_named_preset,fair,trusted_offline,78,0.8718012114877441,,,,,0.9358974358974359,0.8333333333333334,0.7820766408227707,311.04335737228394,91.77509117126465,0.0,0.0,0.0,0.0,"{""domain_1"": 0.0, ""domain_2"": 0.0}",a52f1701d8c47bc5c4052757641df776c73b016b157458d1a8411f4a6ab7dcb4,unknown,/scratch/gilbreth/tamst01/unlp2026/outputs/benchmarks/candidate_sc_v3_fold1,,,[]
candidate_sc_v3_lockbox,candidate_structure_chunks_v3_short_doc,candidate_structure_chunks_v3_short_doc,retrieval_doc_stability,lockbox,artifact_present,offline_named_preset,fair,trusted_offline,95,0.8827486103873545,,,,,0.8947368421052632,0.9263157894736842,0.8152049678652075,393.04425501823425,122.81981062889099,-0.004934210526315789,0.010526315789473684,0.010526315789473684,0.010526315789473684,"{""domain_1"": 0.0, ""domain_2"": -0.008370535714285714}",badd8be16a402c9d6aab74cbb8ce09aa757c0ab6e59f06ae8f49143c1681fe43,unknown,/scratch/gilbreth/tamst01/unlp2026/outputs/benchmarks/candidate_sc_v3_lockbox,,,[]
candidate_sc_v3_smoke,candidate_structure_chunks_v3_short_doc,candidate_structure_chunks_v3_short_doc,retrieval_doc_stability,fold0,artifact_present,offline_named_preset,fair,trusted_offline,10,0.8257532956685498,,,,,0.9,0.8,0.7030131826741997,128.45881581306458,51.934818267822266,-0.04166666666666667,0.1,0.1,0.0,"{""domain_1"": 0.0, ""domain_2"": -0.05952380952380953}",ef04aa8e6d31f1eb857ff791a4e0cdf430fc19e0e4a0e8f2a527a49a27d6d4fc,unknown,/scratch/gilbreth/tamst01/unlp2026/outputs/benchmarks/candidate_sc_v3_smoke,,,[]
candidate_structure_chunks_v1_10,candidate_structure_chunks_v1,candidate_structure_chunks_v1,retrieval_doc_stability,10q,artifact_present,offline_named_preset,fair,trusted_offline,10,0.976991199119912,,,,,1.0,1.0,0.907964796479648,145.76059913635254,51.15669393539429,,,,,{},,,/scratch/gilbreth/tamst01/unlp2026/outputs/benchmarks/candidate_structure_chunks_v1_10,,,[]
candidate_structure_chunks_v1_50,candidate_structure_chunks_v1,candidate_structure_chunks_v1,retrieval_doc_stability,50q,artifact_present,offline_named_preset,fair,trusted_offline,50,0.886043543138631,,,,,0.94,0.88,0.784174172554524,347.33228158950806,145.58689546585083,,,,,{},,,/scratch/gilbreth/tamst01/unlp2026/outputs/benchmarks/candidate_structure_chunks_v1_50,,,[]
candidate_structure_chunks_v1_fold0,candidate_structure_chunks_v1,candidate_structure_chunks_v1,retrieval_doc_stability,fold0,artifact_present,offline_named_preset,fair,trusted_offline,73,0.8148876014559786,,,,,0.8767123287671232,0.8082191780821918,0.6979065702074755,336.5583930015564,102.22063374519348,-0.015981735159817354,0.0684931506849315,0.0684931506849315,0.0410958904109589,"{""domain_1"": 0.0, ""domain_2"": -0.03333333333333334}",ff2b61736fcd96e243b04f501fbab2ac9bc82b3995bf3d9d85765a13b8ba86fb,a30-standby,/scratch/gilbreth/tamst01/unlp2026/outputs/benchmarks/candidate_structure_chunks_v1_fold0,,,[]
candidate_structure_chunks_v1_full,candidate_structure_chunks_v1,candidate_structure_chunks_v1,retrieval_doc_stability,full_dev,artifact_present,offline_named_preset,fair,trusted_offline,461,0.8675030701776706,,,,,0.8915401301518439,0.8915401301518439,0.7953918902551491,1819.8512179851532,615.5238254070282,0.004096126888982605,0.026030368763557483,0.03253796095444685,0.028199566160520606,"{""domain_1"": 0.0026058153646865, ""domain_2"": 0.00521811047001161}",,,/scratch/gilbreth/tamst01/unlp2026/outputs/benchmarks/candidate_structure_chunks_v1_full,,,[]
candidate_structure_chunks_v2_doc_guard_10,candidate_structure_chunks_v2_doc_guard,candidate_structure_chunks_v2_doc_guard,retrieval_doc_stability,10q,artifact_present,offline_named_preset,fair,trusted_offline,10,0.976991199119912,,,,,1.0,1.0,0.907964796479648,130.8337438106537,43.94901990890503,,,,,{},,,/scratch/gilbreth/tamst01/unlp2026/outputs/benchmarks/candidate_structure_chunks_v2_doc_guard_10,,,[]
candidate_structure_chunks_v2_doc_guard_50,candidate_structure_chunks_v2_doc_guard,candidate_structure_chunks_v2_doc_guard,retrieval_doc_stability,50q,artifact_present,offline_named_preset,fair,trusted_offline,50,0.916043543138631,,,,,0.94,0.94,0.8441741725545241,270.70468616485596,89.93186450004578,,,,,{},,,/scratch/gilbreth/tamst01/unlp2026/outputs/benchmarks/candidate_structure_chunks_v2_doc_guard_50,,,[]
candidate_structure_chunks_v2_doc_guard_fold0,candidate_structure_chunks_v2_doc_guard,candidate_structure_chunks_v2_doc_guard,retrieval_doc_stability,fold0,artifact_present,offline_named_preset,fair,trusted_offline,73,0.8210154995620518,,,,,0.8767123287671232,0.821917808219178,0.7087195324947818,330.7065439224243,97.34664607048035,-0.009853837053744183,0.1095890410958904,0.0958904109589041,0.0410958904109589,"{""domain_1"": 0.012711864406779662, ""domain_2"": -0.034353741496598644}",2767a4f7cc7035dcac87c4ea1a0937a3b563a7921e594cc6c13b8df730f6ae84,a30-standby,/scratch/gilbreth/tamst01/unlp2026/outputs/benchmarks/candidate_structure_chunks_v2_doc_guard_fold0,,,[]
candidate_structure_chunks_v2_doc_guard_full,candidate_structure_chunks_v2_doc_guard,candidate_structure_chunks_v2_doc_guard,retrieval_doc_stability,full_dev,artifact_present,offline_named_preset,fair,trusted_offline,461,0.881726109841001,,,,,0.8915401301518439,0.9219088937093276,0.8219152853509866,1769.9030151367188,592.866804599762,0.018319166552312877,0.0737527114967462,0.0824295010845987,0.028199566160520606,"{""domain_1"": 0.014551660879845009, ""domain_2"": 0.021155539644132804}",,,/scratch/gilbreth/tamst01/unlp2026/outputs/benchmarks/candidate_structure_chunks_v2_doc_guard_full,,,[]
smoke_v7,v7_baseline,v7_baseline,submission_lineage,10q,artifact_present,offline_named_preset,fair,trusted_offline,1,1.0,,,,,1.0,1.0,1.0,93.72466039657593,35.95035672187805,,,,,{},,,/scratch/gilbreth/tamst01/unlp2026/outputs/benchmarks/smoke_v7,,,[]
smoke_v7_10,v7_baseline,v7_baseline,submission_lineage,10q,artifact_present,offline_named_preset,fair,trusted_offline,10,0.976991199119912,,,,,1.0,1.0,0.907964796479648,66.99384641647339,14.942033290863037,,,,,{},,,/scratch/gilbreth/tamst01/unlp2026/outputs/benchmarks/smoke_v7_10,,,[]
structure_doc_guard,,candidate_structure_chunks_v2_doc_guard public submission.,submission_lineage,public_kaggle,public_complete,public_kaggle,public_final,trusted_public,,0.8415,0.8415,0.86,,candidate_structure_chunks_v2_doc_guard_full,,,,,,,,,,{},,,,Strong local winner that still lost decisively to the simpler v7 system in competition.,,[]
v11,,Dense doc lock v2 public submission.,submission_lineage,public_kaggle,public_complete,public_kaggle,public_final,trusted_public,,0.832,0.832,0.841,,candidate_ddl_v2_fulldev,,,,,,,,,,{},,,,Dense doc lock v2 also failed to generalize despite the long-document heuristic.,,[]
v13,,candidate_v5_refocus_v1 public submission.,submission_lineage,public_kaggle,public_complete,public_kaggle,public_final,trusted_public,,0.8231,0.8231,0.8441,,candidate_v5_refocus_v1_full_dev,,,,,,,,,,{},,,,Prompt-only submission that looked locally promising but regressed on the final leaderboard.,,[]
v14,,candidate_dense_doc_lock_v3 clean resubmission.,submission_lineage,public_kaggle,public_complete,public_kaggle,public_final,trusted_public,,0.832,0.832,0.8396,,candidate_ddl_v3_fulldev,,,,,,,,,,{},,,,Dense doc lock v3 stayed negative on Kaggle despite strong local offline evidence.,,[]
v5_offline,,Notebook v5 offline public submission.,submission_lineage,public_kaggle,public_complete,public_kaggle,public_final,trusted_public,,0.8043,0.8043,0.8124,,,,,,,,,,,,{},,,,Early public baseline retained for leaderboard chronology.,,[]
v6_reranker,,Notebook v6 reranker public submission.,submission_lineage,public_kaggle,public_complete,public_kaggle,public_final,trusted_public,,0.8618,0.8618,0.8517,,candidate_stronger_reranker_v1,,,,,,,,,,{},,,,"Historically strong public score, but the linked local 4B comparison remains confounded.",,[]
v7,,Trusted rollback and competition anchor.,submission_lineage,public_kaggle,public_complete,public_kaggle,public_final,trusted_public,,0.8688,0.8688,0.8722,7,v7_full_dev,,,,,,,,,,{},,,,Best actual competition submission and final paper anchor.,,[]
v7_50,v7_baseline,v7_baseline,submission_lineage,50q,artifact_present,offline_named_preset,fair,trusted_offline,50,0.8672935431386309,,,,,0.9,0.88,0.789174172554524,258.81642842292786,95.52500605583191,,,,,{},,,/scratch/gilbreth/tamst01/unlp2026/outputs/benchmarks/v7_50,,,[]
v7_baseline_fold0,v7_baseline,v7_baseline,submission_lineage,fold0,artifact_present,offline_named_preset,fair,trusted_offline,73,0.830869336615796,,,,,0.8493150684931506,0.8767123287671232,0.7481348807097585,304.5623013973236,96.49879765510559,0.0,0.0,0.0,0.0,"{""domain_1"": 0.0, ""domain_2"": 0.0}",f273fe285ceaef26d401650753b8f5ed9201589c1cc7eb909f66c16cb637824f,a30-standby,/scratch/gilbreth/tamst01/unlp2026/outputs/benchmarks/v7_baseline_fold0,,,[]
v7_baseline_fold0_smoke,v7_baseline,v7_baseline,submission_lineage,fold0,artifact_present,offline_named_preset,fair,trusted_offline,2,0.9861111111111112,,,,,1.0,1.0,0.9444444444444444,71.84031915664673,28.56922149658203,0.0,0.0,0.0,0.0,"{""domain_2"": 0.0}",625bccf4bd156c59b2d62c9ffbe188bbfe6d8473797e502e4647d2784b5def88,a30-standby,/scratch/gilbreth/tamst01/unlp2026/outputs/benchmarks/v7_baseline_fold0_smoke,,,[]
v7_baseline_fold1,v7_baseline,v7_baseline,submission_lineage,fold1,artifact_present,offline_named_preset,fair,trusted_offline,78,0.8718012114877441,,,,,0.9358974358974359,0.8333333333333334,0.7820766408227707,328.91239619255066,113.06908655166626,0.0,0.0,0.0,0.0,"{""domain_1"": 0.0, ""domain_2"": 0.0}",1a6034447b69f352308aeb8d8d1044085f1d9b7ed8f31f820fe11d19dbf1e252,a30-standby,/scratch/gilbreth/tamst01/unlp2026/outputs/benchmarks/v7_baseline_fold1,,,[]
v7_baseline_lockbox,v7_baseline,v7_baseline,submission_lineage,lockbox,artifact_present,offline_named_preset,fair,trusted_offline,95,0.8876828209136702,,,,,0.8947368421052632,0.9368421052631579,0.824415494180997,376.45886993408203,123.16734862327576,0.0,0.0,0.0,0.0,"{""domain_1"": 0.0, ""domain_2"": 0.0}",eafdd37b629b6e51bdb1b82356298ba661930e2d889f724752ee94c449587c69,a30-standby,/scratch/gilbreth/tamst01/unlp2026/outputs/benchmarks/v7_baseline_lockbox,,,[]
v7_full_dev,v7_baseline,v7_baseline,submission_lineage,full_dev,artifact_present,offline_named_preset,fair,trusted_offline,461,0.8634069432886881,,,,,0.8850325379609545,0.8893709327548807,0.7941917644779606,1795.4593377113342,624.1173553466797,0.0,0.0,0.0,0.0,"{""domain_1"": 0.0, ""domain_2"": 0.0}",,,/scratch/gilbreth/tamst01/unlp2026/outputs/benchmarks/v7_full_dev,,,[]
v9,,Regression branch with runtime governor and doc-level instability.,submission_lineage,public_kaggle,public_complete,public_kaggle,public_final,trusted_public,,0.6716,0.6716,0.7265,,v9_full_dev,,,,,,,,,,{},,,,Clear negative control for the paper's failure-analysis section.,,[]
candidate_avir_threshold_v1_10,candidate_avir_threshold_v1,candidate_avir_threshold_v1,supplementary,10q,artifact_present,offline_named_preset,fair,trusted_offline,10,0.9953080308030803,,,,,1.0,1.0,0.9812321232123213,73.14596176147461,16.10083293914795,,,,,{},,,/scratch/gilbreth/tamst01/unlp2026/outputs/benchmarks/candidate_avir_threshold_v1_10,,,[]
candidate_avir_threshold_v1_50,candidate_avir_threshold_v1,candidate_avir_threshold_v1,supplementary,50q,artifact_present,offline_named_preset,fair,trusted_offline,50,0.8707263263658541,,,,,0.9,0.88,0.8029053054634168,218.51950907707214,66.14078283309937,,,,,{},,,/scratch/gilbreth/tamst01/unlp2026/outputs/benchmarks/candidate_avir_threshold_v1_50,,,[]
candidate_avir_threshold_v1_fold0,candidate_avir_threshold_v1,candidate_avir_threshold_v1,supplementary,fold0,artifact_present,offline_named_preset,fair,trusted_offline,73,0.8307725948775404,,,,,0.8493150684931506,0.8767123287671232,0.7477479137567363,300.5377495288849,95.60995650291443,-9.674173825555246e-05,0.0,0.1232876712328767,0.0,"{""domain_1"": 0.0012761423332342172, ""domain_2"": -0.001587301587301588}",299cc1cdf5e188981f199a2452edf1fdb102c0c50fb8fd2459dd72d18dd748a3,a30-standby,/scratch/gilbreth/tamst01/unlp2026/outputs/benchmarks/candidate_avir_threshold_v1_fold0,,,[]
candidate_avir_threshold_v1_full,candidate_avir_threshold_v1,candidate_avir_threshold_v1,supplementary,full_dev,artifact_present,offline_named_preset,fair,trusted_offline,461,0.8663426622125334,,,,,0.8850325379609545,0.8893709327548807,0.8059346401733433,1711.211350440979,577.7653875350952,0.002935718923845624,0.0,0.1843817787418655,0.0,"{""domain_1"": 0.003058973620901414, ""domain_2"": 0.0028429264142751055}",,,/scratch/gilbreth/tamst01/unlp2026/outputs/benchmarks/candidate_avir_threshold_v1_full,,,[]
candidate_confidence_gated_v1_10,candidate_confidence_gated_v1,candidate_confidence_gated_v1,supplementary,10q,artifact_present,offline_named_preset,fair,trusted_offline,10,0.976991199119912,,,,,1.0,1.0,0.907964796479648,70.81914114952087,14.956167459487915,,,,,{},,,/scratch/gilbreth/tamst01/unlp2026/outputs/benchmarks/candidate_confidence_gated_v1_10,,,[]
candidate_confidence_gated_v1_50,candidate_confidence_gated_v1,candidate_confidence_gated_v1,supplementary,50q,artifact_present,offline_named_preset,fair,trusted_offline,50,0.887293543138631,,,,,0.94,0.88,0.789174172554524,256.9779007434845,93.72907614707947,,,,,{},,,/scratch/gilbreth/tamst01/unlp2026/outputs/benchmarks/candidate_confidence_gated_v1_50,,,[]
candidate_confidence_gated_v1_fold0,candidate_confidence_gated_v1,candidate_confidence_gated_v1,supplementary,fold0,artifact_present,offline_named_preset,fair,trusted_offline,73,0.8164096714711992,,,,,0.821917808219178,0.8767123287671232,0.7450907406793171,296.4035303592682,95.80230450630188,-0.014459665144596652,0.0,0.0136986301369863,0.0410958904109589,"{""domain_1"": 0.0, ""domain_2"": -0.03015873015873016}",323457dddf09478aba4a8077c3bce24974ce4dd088eac0a42e1d01b19affbce1,a30-standby,/scratch/gilbreth/tamst01/unlp2026/outputs/benchmarks/candidate_confidence_gated_v1_fold0,,,[]
candidate_confidence_gated_v1_full,candidate_confidence_gated_v1,candidate_confidence_gated_v1,supplementary,full_dev,artifact_present,offline_named_preset,fair,trusted_offline,461,0.861737028625919,,,,,0.8828633405639913,0.8893709327548807,0.7918505006208106,1690.7492380142212,576.2923202514648,-0.0016699146627690707,0.0,0.006507592190889371,0.04338394793926247,"{""domain_1"": -0.005050505050505051, ""domain_2"": 0.0008751685949180923}",,,/scratch/gilbreth/tamst01/unlp2026/outputs/benchmarks/candidate_confidence_gated_v1_full,,,[]
candidate_ddl_v3_exhaust_fold0,candidate_ddl_v3_exhaustive,candidate_ddl_v3_exhaustive,supplementary,fold0,artifact_present,offline_named_preset,fair,trusted_offline,73,0.845092521955768,,,,,0.8356164383561644,0.9178082191780822,0.7913289919326599,300.37388277053833,96.59143686294556,0.014223185339971963,0.0684931506849315,0.0821917808219178,0.0410958904109589,"{""domain_1"": 0.027323487626788243, ""domain_2"": 0.0}",30e6142f1ed5abaa8fb68b2e697af759a97597de1172bd41a22525e0d9dff972,unknown,/scratch/gilbreth/tamst01/unlp2026/outputs/benchmarks/candidate_ddl_v3_exhaust_fold0,,,[]
candidate_evidence_first_v1_fold0,candidate_evidence_first_v1,candidate_evidence_first_v1,supplementary,fold0,artifact_present,offline_named_preset,fair,trusted_offline,73,0.8308134413892484,,,,,0.8493150684931506,0.8767123287671232,0.7479112998035679,301.7259101867676,96.31329321861267,-5.589522654765037e-05,0.0,0.2465753424657534,0.0,"{""domain_1"": 0.004278587240228636, ""domain_2"": -0.004761904761904761}",99767e151983a3685942d2d5448526e3f0bb90afea34f75e0051f2ff987e4f47,a30-standby,/scratch/gilbreth/tamst01/unlp2026/outputs/benchmarks/candidate_evidence_first_v1_fold0,,,[]
candidate_no_bleed_v1_fold0,candidate_no_bleed_v1,candidate_no_bleed_v1,supplementary,fold0,artifact_present,offline_named_preset,fair,trusted_offline,73,0.8576775471946126,,,,,0.8767123287671232,0.8904109589041096,0.7868745723400934,263.5063898563385,84.50887632369995,0.026808210578816563,0.0958904109589041,0.3013698630136986,0.1095890410958904,"{""domain_1"": 0.017143258334159316, ""domain_2"": 0.037301587301587294}",0fe8d187a0add9d4072f06ae133add15861f155eeea4c66a6efd9a421afa26c7,a30-standby,/scratch/gilbreth/tamst01/unlp2026/outputs/benchmarks/candidate_no_bleed_v1_fold0,,,[]
candidate_no_bleed_v1_fold1,candidate_no_bleed_v1,candidate_no_bleed_v1,supplementary,fold1,artifact_present,offline_named_preset,fair,trusted_offline,78,0.86221168680534,,,,,0.9102564102564102,0.8589743589743589,0.7693595677341807,253.48052144050598,76.4681487083435,-0.009589524682403941,0.1794871794871795,0.34615384615384615,0.11538461538461539,"{""domain_1"": 0.006626018961545275, ""domain_2"": -0.023488562091503264}",9465f511bd6b3c0038683af3f877837e314e738570b04f8fb719d1fe22b1ff50,a30-standby,/scratch/gilbreth/tamst01/unlp2026/outputs/benchmarks/candidate_no_bleed_v1_fold1,,,[]
candidate_no_bleed_v1_lockbox,candidate_no_bleed_v1,candidate_no_bleed_v1,supplementary,lockbox,artifact_present,offline_named_preset,fair,trusted_offline,95,0.8575460309188813,,,,,0.8631578947368421,0.9052631578947369,0.7986051763071044,330.3735032081604,105.6508309841156,-0.03013678999478895,0.10526315789473684,0.3894736842105263,0.10526315789473684,"{""domain_1"": -0.017961411525767964, ""domain_2"": -0.03861607142857142}",553a2101570635add1626d7b79444ae566c2bcfe15588d180d36d35b1026e8e2,a30-standby,/scratch/gilbreth/tamst01/unlp2026/outputs/benchmarks/candidate_no_bleed_v1_lockbox,,,[]
candidate_page_summary_selector_v1_10,candidate_page_summary_selector_v1,candidate_page_summary_selector_v1,supplementary,10q,artifact_present,offline_named_preset,fair,trusted_offline,10,0.9708523394356241,,,,,1.0,1.0,0.883409357742497,189.40080094337463,64.05464291572571,,,,,{},,,/scratch/gilbreth/tamst01/unlp2026/outputs/benchmarks/candidate_page_summary_selector_v1_10,,,[]
candidate_page_summary_selector_v1_50,candidate_page_summary_selector_v1,candidate_page_summary_selector_v1,supplementary,50q,artifact_present,offline_named_preset,fair,trusted_offline,50,0.8640434436844131,,,,,0.9,0.88,0.7761737747376525,283.4912042617798,93.30767059326172,,,,,{},,,/scratch/gilbreth/tamst01/unlp2026/outputs/benchmarks/candidate_page_summary_selector_v1_50,,,[]
candidate_page_summary_selector_v1_fold0,candidate_page_summary_selector_v1,candidate_page_summary_selector_v1,supplementary,fold0,artifact_present,offline_named_preset,fair,trusted_offline,73,0.8301076873749267,,,,,0.8493150684931506,0.8767123287671232,0.7450882837462821,303.8462498188019,95.41576266288757,-0.0007616492408691106,0.0,0.2876712328767123,0.0,"{""domain_1"": 0.0015652360656821021, ""domain_2"": -0.003287981859410427}",a967b127dfee5f1b3bfef8206d654d6f5a3af75ce6baafb81ca75e4550c324e6,a30-standby,/scratch/gilbreth/tamst01/unlp2026/outputs/benchmarks/candidate_page_summary_selector_v1_fold0,,,[]
reranker_ablation_2026-03-30,reranker_ablation_2026-03-30,reranker_ablation_2026-03-30,supplementary,unknown,artifact_present,offline_named_preset,fair,trusted_offline,,,,,,,,,,,,,,,,{},,,/scratch/gilbreth/tamst01/unlp2026/outputs/benchmarks/reranker_ablation_2026-03-30,,,[]
